date,title,content,link,symbols
2026-07-07T17:37:21Z,Sector Update: Consumer Stocks Mixed in Afternoon Trading,"Consumer stocks were mixed Tuesday afternoon, with the State Street Consumer Staples Select Sector S",https://finance.yahoo.com/markets/stocks/articles/sector-consumer-stocks-mixed-afternoon-173721204.html,['7203.T']
2026-07-07T16:40:34Z,"Toyota to invest $3.6B in plant expansion, will shift Tacoma production from Mexico to Texas",Toyota plans a $3.6 billion expansion of its Texas manufacturing campus that will add thousands of jobs and transition some Tacoma production from Mexico.,https://www.foxbusiness.com/markets/toyota-invest-3-6b-plant-expansion-shift-tacoma-production-from-mexico-texas,['7203.T']
2026-07-07T16:10:46Z,"Chinese robotaxi firm Momenta prices Hong Kong listing at top end, seeks to raise $751 million","Chinese robotaxi firm Momenta Global said on Tuesday it had priced its Hong Kong ‌listing at the top end of its marketed ‌range, aiming to raise HK$5.89 billion ($751.02 million), joining a wave of tech ​listings reviving the city's capital markets. Here are more details: • The self-driving technology firm is offering 19.9 million shares at an issue price of HK$295.60 per share, an exchange filing ‌showed. It plans ⁠to use about 60% of the net proceeds from the offering to boost research and ⁠development, including upgrading its artificial intelligence computing power, expanding data storage, and scaling up its engineering team, the firm said ​in its ​prospectus.",https://finance.yahoo.com/technology/articles/chinese-robotaxi-firm-momenta-prices-161046196.html,['7203.T']
2026-07-07T14:11:35Z,"Toyota’s $3.6B San Antonio expansion is coming and will add 2,000 jobs",Toyota Motor North America announced that it will invest $3.6 billion to expand in San Antonio. Here's how many new jobs the expansion will create.,https://www.usatoday.com/story/news/2026/07/07/toyota-san-antonio-expansion-2000-jobs-tacoma-trucks/90831629007/,['7203.T']
2026-07-07T14:11:24Z,"Toyota Motor (TSE:7203) Extends Lexus MSG Partnership, Is It Fully Priced?","Toyota Motor (TSE:7203) is back in focus after Lexus extended and expanded its long running marketing partnership with Madison Square Garden, keeping the luxury brand highly visible across New York’s high profile sports and entertainment venues. See our latest analysis for Toyota Motor. The recent Lexus visibility push at Madison Square Garden sits alongside Toyota Motor’s other developments, including its new air mobility joint venture with Joby Aviation and a planned ¥3.6b expansion of...",https://finance.yahoo.com/markets/stocks/articles/toyota-motor-tse-7203-extends-141124971.html,['7203.T']
2026-07-07T13:02:52Z,Toyota plans Tacoma production in Texas with $3.6B expansion,"The automaker won’t yet say what portion of U.S.-bound Tacomas will shift from Mexico after the buildout, but the company plans to double its San Antonio factory footprint by 2030.",https://www.wardsauto.com/news/toyota-plans-tacoma-production-in-texas-with-36b-expansion/824615/,['7203.T']
2026-07-07T12:59:45Z,"Toyota, in $3.6 billion move, shifting Tacoma production to Texas from Mexico",Toyota is shifting most production of its midsize Tacoma pickup truck from Mexico to the U.S. as part of a $3.6 billion investment in its Texas plant.,https://www.cbsnews.com/news/toyota-3-6-billion-texas-plant-san-antonio-tacoma-pickup-production-from-mexico/,['7203.T']
2026-07-07T08:43:17Z,Toyota Brings Tacoma Production Back to Texas,San Antonio plant capacity rises after major investment,https://finance.yahoo.com/markets/stocks/articles/toyota-brings-tacoma-production-back-084317306.html,['7203.T']
2026-07-06T20:30:00Z,"Toyota Announces $3.6B Expansion, 2,000 New Jobs at its San Antonio Plant","Toyota Motor North America (TMNA) announced it will invest $3.6 billion to expand its San Antonio manufacturing campus with a second vehicle assembly line to support the Tacoma truck. The expansion will create 2,000 new, high-quality jobs and add 2.5 million square feet to Toyota Texas, doubling its size by 2030.",https://finance.yahoo.com/economy/policy/articles/toyota-announces-3-6b-expansion-203000819.html,['7203.T']
2026-07-06T18:23:52Z,Why Joby Aviation Stock Is Surging Today,Joby's valuation is getting another big lift in Monday's trading.,https://www.fool.com/investing/2026/07/06/why-joby-aviation-stock-is-surging-today/,['7203.T']
2026-07-06T17:28:12Z,Why Joby Aviation Stock Popped Today,Joby Aviation Shares Soar as Air Taxi Expansion Fuels Investor Excitement,https://finance.yahoo.com/markets/stocks/articles/why-joby-aviation-stock-popped-172812466.html,['7203.T']
2026-07-04T14:38:39Z,Ford Vs. Toyota: Buy Toyota to Secure Dominant Global Cash Flow and Hybrid Supremacy,"Toyota (NYSE:TM) and Ford (NYSE:F) closed very different earnings cycles. Toyota wrapped fiscal 2026 with $323.62 billion in revenue and a global hybrid engine humming across five brands. Ford posted a $43.25 billion Q1 and raised its 2026 outlook, yet the story underneath is a U.S. truck franchise carrying an EV division still bleeding cash. ... Ford Vs. Toyota: Buy Toyota to Secure Dominant Global Cash Flow and Hybrid Supremacy",https://247wallst.com/investing/2026/07/04/ford-vs-toyota-buy-toyota-to-secure-dominant-global-cash-flow-and-hybrid-supremacy/,['7203.T']
2026-07-04T14:35:00Z,These Stocks Could Win as Wall Street Looks Beyond AI Software,"As AI software multiples compress, institutional capital is rotating into aviation, space, and energy hardware stocks including JOBY, RKLB, LUNR, ASTS, and FCEL.",https://www.marketbeat.com/articles/these-stocks-could-win-as-wall-street-looks-beyond-ai-software/?utm_source=yahoofinance&utm_medium=yahoofinance,['7203.T']
2026-07-03T18:31:17Z,Joby And Toyota Deepen Air Taxi Partnership With New Manufacturing JV,"Joby Aviation, Inc. stock rose Tuesday after the company and Toyota Motor Corporation formed a joint venture to support commercial production and scale-up of Joby’s electric air taxi aircraft. This builds upon a deep, multi-year collaboration and follows Toyota’s massive...",https://finance.yahoo.com/technology/articles/joby-toyota-deepen-air-taxi-183117040.html,['7203.T']
2026-07-03T12:00:20Z,Americans Drive Into July 4 Holiday With Gas Prices Still Stinging,"(Bloomberg) -- Americans hit the peak of the summer driving season this July 4 holiday weekend wincing at the cost of gasoline, still running nearly a dollar a gallon higher than before the war with Iran despite falling sharply in recent weeks.Most Read from BloombergExxon to Change Name for First Time in Decades After RedomicileWhy the Great American State Fair Looks So EmptyGermany Rejects Trump’s Demands for NATO Loyalty to WashingtonRussia Indicates Ukraine Fired Long-Range Ballistic Missile",https://finance.yahoo.com/energy/articles/americans-drive-july-4-holiday-120020972.html,['7203.T']
2026-07-02T22:02:29Z,Kioxia ships next-gen memory samples as AI boom fuels dramatic comeback,"Kioxia on Friday held a ceremony at its fab in northern Japan as the chipmaker, whose shares have rocketed due to the AI investment boom, begins shipping samples of its next-generation memory.  The ‌growth of AI has fueled a remarkable turnaround for Kioxia, which was previously seen as an example of Japan's chipmaking ‌struggles but whose stock price has surged more than sevenfold this year to a market capitalisation over $250 billion, exceeding Toyota Motor's.  Kioxia's shares have been volatile in recent days ​as the market debates the resilience of AI spending and the impact of chipmakers expanding production capacity.",https://finance.yahoo.com/technology/articles/kioxia-readies-next-gen-memory-220229230.html,['7203.T']
2026-07-02T21:50:05Z,Toyota Motor Corporation (TM) Stock Moves 2.91%: What You Should Know,"Toyota Motor Corporation (TM) reached $174.59 at the closing of the latest trading day, reflecting a +2.91% change compared to its last close.",https://finance.yahoo.com/markets/stocks/articles/toyota-motor-corporation-tm-stock-215005386.html,['7203.T']
2026-07-01T21:46:32Z,Mixed US auto sales in Q2 amid high gas prices,"Automakers reported mixed second-quarter US sales Wednesday, illustrating continued demand for larger vehicles as well as strength in fuel-efficient models as high gasoline prices reverberated through showrooms.Toyota's sales were lifted by gains in hybrid vehicles, while Honda pointed to higher sales of models known for fuel efficiency such as the CRV compact SUV and its trademark sedans.",https://finance.yahoo.com/energy/articles/mixed-us-auto-sales-2nd-180431416.html,['7203.T']
2026-07-01T17:57:00Z,Saia Sponsors Christopher Bell’s Patriotic No. 20 Toyota at Chicagoland Speedway,"The carrier is celebrating its partnership with JGR while honoring service and community this Fourth of July.JOHNS CREEK, Ga., July 01, 2026 (GLOBE NEWSWIRE) -- Saia Inc. (NASDAQ: SAIA) is proud to serve as the primary sponsor of Christopher Bell and the No. 20 Joe Gibbs Racing (JGR) Toyota Camry XSE during NASCAR’s return to Chicagoland Speedway over the Fourth of July weekend. Featuring a patriotic paint scheme inspired by the holiday, the No. 20 Toyota will take to the track on July 5 as NASC",https://finance.yahoo.com/media-advertising/articles/saia-sponsors-christopher-bell-patriotic-175700655.html,['7203.T']
2026-07-01T17:43:00Z,Group 1 Automotive Continues Nationwide Brand Alignment with Group 1 Toyota Hub City in Lubbock,"As part of its ongoing nationwide initiative to unify its extensive network of dealerships, Group 1 Automotive, Inc., a Houston-based automotive retailer with dealerships across the U.S. and U.K., today highlighted Group 1 Toyota Hub City, formerly Gene Messer Toyota, which has operated under its new name since April 8, 2026.",https://finance.yahoo.com/small-business/articles/group-1-automotive-continues-nationwide-174300259.html,['7203.T']
2026-07-01T17:13:32Z,Toyota (TSE:7203) Joins Joby To Build Electric Air Taxis,"Toyota Motor and Joby Aviation have formed a new manufacturing joint venture to build electric air taxis. The partnership will focus on producing electric vertical take off and landing aircraft for commercial use. The venture marks Toyota Motor's formal entry into the next phase of air mobility beyond traditional cars. Toyota Motor, traded as TSE:7203, is extending its reach beyond road vehicles with this move into electric air taxis. The stock is currently priced at ¥2,724.5, with a mixed...",https://finance.yahoo.com/markets/stocks/articles/toyota-tse-7203-joins-joby-171332734.html,['7203.T']
2026-07-01T15:59:34Z,"GM's Q2 US sales fall on discontinued models, EV slump; trucks and SUVs hold the line","GM reported second quarter US sales of approximately 715,000 vehicles, a drop of 4.2% compared to a year ago, but said it remained the top-selling automaker in the country on the strength of its trucks, SUVs, and crossovers.",https://finance.yahoo.com/markets/stocks/article/gms-q2-us-sales-fall-on-discontinued-models-ev-slump-trucks-and-suvs-hold-the-line-155934656.html,['7203.T']
2026-07-01T15:55:22Z,Toyota Deepens Joby Bet With $250 Million Manufacturing Push,Toyota and Joby form a JV to advance eVTOL production as certification remains pending.,https://finance.yahoo.com/markets/stocks/articles/toyota-deepens-joby-bet-250-155522253.html,['7203.T']
2026-07-01T15:40:00Z,"Toyota Motor North America Reports June, Second Quarter 2026 U.S. Sales Results","Toyota Motor North America (TMNA) today reported June 2026 U.S. sales of 212,793 vehicles, up 10.1 percent on a volume basis and up 5.7 percent on a daily selling rate (DSR) basis compared to June 2025. Sales of electrified vehicles for the month totaled 122,063, up 35.0 percent on a volume basis and up 29.6 percent on a DSR basis, representing 57.4 percent of total sales volume.",https://finance.yahoo.com/markets/stocks/articles/toyota-motor-north-america-reports-154000971.html,['7203.T']
2026-07-01T13:54:00Z,Group 1 Automotive Continues Nationwide Brand Alignment with Group 1 Toyota North Austin in North Austin,"As part of its ongoing nationwide initiative to unify its extensive network of dealerships, Group 1 Automotive, Inc., a Houston-based automotive retailer with dealerships across the U.S. and U.K., today highlighted Group 1 Toyota North Austin, formerly Toyota of North Austin, which has operated under its new name since February 19, 2026.",https://finance.yahoo.com/small-business/articles/group-1-automotive-continues-nationwide-135400072.html,['7203.T']
2026-07-01T13:30:05Z,Is It Worth Investing in Toyota Motor (TM) Based on Wall Street's Bullish Views?,"The average brokerage recommendation (ABR) for Toyota Motor (TM) is equivalent to a Buy. The overly optimistic recommendations of Wall Street analysts make the effectiveness of this highly sought-after metric questionable. So, is it worth buying the stock?",https://finance.yahoo.com/markets/stocks/articles/worth-investing-toyota-motor-tm-133005643.html,['7203.T']
2026-07-01T12:14:21Z,Does Toyota’s Manufacturing JV With Joby Aviation (JOBY) Quietly Redefine Its Path to Scale?,"Joby Aviation and Toyota Motor Corporation recently formed the Joby Toyota Aero Manufacturing Preparation Company joint venture, with Toyota holding 51%, to prepare mass production of Joby’s S4 Series electric vertical takeoff and landing air taxis in California under an exclusive manufacturing license. The alliance shifts Toyota’s role from financial backer, holding about 13.1% of Joby’s stock, to hands-on manufacturing partner, potentially strengthening Joby’s operational readiness for...",https://finance.yahoo.com/markets/stocks/articles/does-toyota-manufacturing-jv-joby-121421196.html,['7203.T']
2026-07-01T11:42:27Z,"Joby, Toyota form electric air taxi joint venture","The new entity is part of the companies’ strategic alliance that has been in the works since 2024, which aims to support the certification and commercial production of Joby’s eVTOL aircraft.",https://www.manufacturingdive.com/news/joby-toyota-electric-air-taxi-joint-venture-s4-series-evtol-aircraft/824115/,['7203.T']
2026-07-01T11:16:46Z,Joby Aviation's Stock Is Rising After Teaming Up With Toyota For a New Manufacturing Venture,The two companies have formed a production joint venture.,https://www.fool.com/investing/2026/07/01/joby-aviations-stock-is-rising-after-teaming-up-with-toyota-for-a-new-manufacturing-venture/,['7203.T']
2026-07-01T10:00:00Z,Joby Aviation creates a joint venture with Toyota to build air taxis,Joby Aviation is teaming up with Toyota to create air taxis.,https://finance.yahoo.com/technology/articles/joby-aviation-creates-joint-venture-100000366.html,['7203.T']
2026-07-01T09:23:40Z,"Toyota, Joby set up flying taxi production JV","The initial focus will be to establish an advanced, efficient manufacturing operation.",https://www.just-auto.com/news/toyota-joby-set-up-flying-taxi-production-jv/,['7203.T']
2026-07-01T03:59:00Z,"Joby, Toyota announce new pact on supply and IP ties","Jun. 30—Dayton electric aircraft manufacturer Joby Aviation and automaker Toyota have announced a new pact cementing supply and intellectual property ties. In a Securities and Exchange Commission 8-K filing released Tuesday, June 30, Joby said the companies had agreed to negotiate ""an exclusive manufacturing supply agreement ... and certain other commercial agreements and intellectual property ...",https://www.daytondailynews.com/local/joby-toyota-announce-new-pact-on-supply-and-ip-ties/article_9acea9b7-ad19-5c46-a26b-9b35cd3bb609.html,['7203.T']
2026-06-30T20:46:12Z,JOBY Stock Pops on New Joint Venture With Toyota,JOBY stock rallies as Toyota announces a new strategic partnership with the eVTOL firm. Wall Street continues to see significant further upside in JOBY shares from current levels.,https://www.barchart.com/story/news/3063857/joby-stock-pops-on-new-joint-venture-with-toyota,['7203.T']
2026-06-30T17:17:00Z,Toyota's global dominance faces new test,"Toyota Motor’s global sales weakened for a fourth straight month in May 2026, with particularly sharp declines in China and the Middle East impacting the brand’s overall results. Toyota (TM) has been the world’s leading automaker for six consecutive years, outperforming rivals even in the face of ...",https://www.thestreet.com/automotive/toyota-global-dominance-tested-sales-drop-china-middle-east,['7203.T']
2026-06-30T16:17:00Z,CoreWeave’s $1.4 billion bet just showed its first real payoff,"CoreWeave (CRWV) released a public preview of ARIA on June 29, an AI agent built to analyze machine learning experiments inside its Weights & Biases platform. The launch looks like a routine product update from an AI cloud company. It is actually the first visible return on a $1.4 billion ...",https://www.thestreet.com/technology/coreweave-aria-ai-agent-weights-biases-acquisition,['7203.T']
2026-06-30T14:20:35Z,"Price Prediction: Joby Aviation’s High-Risk, High-Reward Path to 30% Upside","Joby Aviation (NYSE:JOBY) has been one of the most volatile names in the eVTOL space. After a punishing first half of 2026, the risk/reward calculus has shifted. The stock is down sharply, certification is inching closer, and Dubai operations are reportedly on track. The 24/7 Wall St. Price Target for Joby Aviation Joby Aviation trades ... Price Prediction: Joby Aviation’s High-Risk, High-Reward Path to 30% Upside",https://247wallst.com/investing/2026/06/30/price-prediction-joby-aviations-high-risk-high-reward-path-to-30-upside/,['7203.T']
2026-06-30T14:00:19Z,Joby Aviation and Toyota form joint venture for air taxi production,"Toyota will hold a 51% stake in the new entity, which will have exclusive rights to produce Joby's S4 series aircraft",https://qz.com/joby-aviation-toyota-joint-venture-air-taxi-manufacturing-063026,['7203.T']
2026-06-30T12:55:00Z,Joby Aviation shares gain after forming manufacturing joint venture with Toyota (JOBY),"Companies establish venture to produce electric aircraftJoby Aviation, Inc. (NYSE:JOBY) shares rose 7% on Tuesday after the company announced a manufacturing joint venture with Toyota Motor Corporation to build Joby’s S4 Series electric vertical take-off and landing (eVTOL) aircraft.",https://investorshub.advfn.com/market-news/article/31218/joby-aviation-shares-gain-after-forming-manufacturing-joint-venture-with-toyota-joby,['7203.T']
2026-06-30T12:00:00Z,Joby Aviation and Toyota Motor Corporation Launch Initial Phase of a Strategic Manufacturing Alliance to Realize Air Mobility for All,"Joby Aviation, Inc. (NYSE: JOBY) and Toyota Motor Corporation today announced the initial phase of their strategic manufacturing alliance by establishing the Joint Venture to realize air mobility. This will combine Joby's pioneering work in electric aviation with Toyota's globally recognized expertise in production systems and operational excellence.",https://finance.yahoo.com/technology/articles/joby-aviation-toyota-motor-corporation-120000096.html,['7203.T']
2026-06-30T08:54:30Z,Toyota’s global vehicle sales fall 6.4% in May,Global volumes were driven lower by weak overseas sales.,https://www.just-auto.com/news/toyotas-global-vehicle-sales-fall-6-4-in-may/,['7203.T']
2026-06-29T15:28:00Z,Why Did Toyota's Global Vehicle Sales Fall for a Fourth Month?,TM's global vehicle sales fall for a fourth month as weaker demand in China and the Middle East offset stronger Japan sales.,https://finance.yahoo.com/markets/stocks/articles/why-did-toyotas-global-vehicle-152800691.html,['7203.T']
2026-06-29T14:57:00Z,"The Zacks Analyst Blog Highlights Caterpillar, Palo Alto Networks, Toyota Motor and Precipio","Caterpillar, Palo Alto Networks and Toyota headline new research as analysts weigh growth drivers, demand trends and risks across key industries.",https://finance.yahoo.com/markets/stocks/articles/zacks-analyst-blog-highlights-caterpillar-145700608.html,['7203.T']
2026-06-29T13:03:17Z,Toyota Sales Fall for Fourth Straight Month,China and Middle East weakness drag results.,https://finance.yahoo.com/markets/stocks/articles/toyota-sales-fall-fourth-straight-130317620.html,['7203.T']
2026-06-29T12:22:27Z,"Toyota Sales Drop 7.4% as China, Middle East Pressure Builds",Toyota's May sales fell for a fourth straight month as regional disruption and China EV competition weighed on demand.,https://finance.yahoo.com/markets/stocks/articles/toyota-sales-drop-7-4-122227056.html,['7203.T']
2026-06-29T02:45:02Z,"FNDF Pays Twice Yearly From 800 Global Companies, But Tariffs and Oil Prices Threaten Payouts","The Schwab Fundamental International Large Company Index ETF (NYSEARCA:FNDF) pays a semi-annual distribution sourced from dividends of developed-market companies outside the United States. The question for income-focused holders is whether that stream remains durable as energy, banking, and pharma cash flows shift under tariff pressure and Middle East disruption. FNDF tracks the Russell RAFI Developed ... FNDF Pays Twice Yearly From 800 Global Companies, But Tariffs and Oil Prices Threaten Payou",https://247wallst.com/investing/2026/06/28/fndf-pays-twice-yearly-from-800-global-companies-but-tariffs-and-oil-prices-threaten-payouts/,['7203.T']
2026-06-27T07:07:46Z,Toyota (TSE:7203) Recalls 2026 BZ And Lexus RZ EVs Over Power Loss Risk,"Toyota Motor has announced a recall for certain 2026 bZ models in North America due to a battery control software issue. The recall also affects 2026 Lexus RZ vehicles that share the same electronic control unit for the battery. The software error could cause the electric drive system to shut down while driving, increasing the risk of an accident. Owners of affected vehicles are expected to be contacted in North America so the issue can be inspected and corrected. Toyota Motor, traded as...",https://finance.yahoo.com/markets/stocks/articles/toyota-tse-7203-recalls-2026-070746473.html,['7203.T']
2026-06-26T21:50:05Z,Why the Market Dipped But Toyota Motor Corporation (TM) Gained Today,"In the closing of the recent trading day, Toyota Motor Corporation (TM) stood at $171.48, denoting a +2.99% move from the preceding trading day.",https://finance.yahoo.com/markets/stocks/articles/why-market-dipped-toyota-motor-215005296.html,['7203.T']
2026-06-26T20:16:00Z,"Top Analyst Reports for Caterpillar, Palo Alto & Toyota","Caterpillar, Palo Alto Networks and Toyota headline Zacks' top analyst reports, highlighting growth drivers, opportunities and key risks shaping outlooks.",https://finance.yahoo.com/markets/stocks/articles/top-analyst-reports-caterpillar-palo-201600160.html,['7203.T']
2026-06-26T14:23:00Z,Group 1 Automotive Announces Toyota Certified at Capital Plaza is now Group 1 Toyota Certified Capital Plaza,"In a strategic move to unify its extensive network of dealerships, Group 1 Automotive, Inc., a Houston-based automotive retailer with dealerships across the U.S. and U.K., today announced that Toyota Certified at Capital Plaza has been renamed Group 1 Toyota Certified Capital Plaza as part of the company's nationwide efforts to align dealerships under the Group 1 name.",https://finance.yahoo.com/small-business/articles/group-1-automotive-announces-toyota-142300756.html,['7203.T']
2026-06-26T14:17:00Z,Group 1 Automotive Announces the Toyota Certified at Capital Plaza Collision Center is now Group 1 Toyota Capital Plaza Collision,"In a strategic move to unify its extensive network of dealerships, Group 1 Automotive, Inc., a Houston-based automotive retailer with dealerships across the U.S. and U.K., today announced that the Toyota Certified at Capital Plaza Collision Center has been renamed Group 1 Toyota Capital Plaza Collision as part of the company's nationwide efforts to align dealerships under the Group 1 name.",https://finance.yahoo.com/small-business/articles/group-1-automotive-announces-toyota-141700232.html,['7203.T']
2026-06-26T14:10:00Z,Group 1 Automotive Announces Toyota of Bowie is now Group 1 Toyota Bowie,"In a strategic move to unify its extensive network of dealerships, Group 1 Automotive, Inc., a Houston-based automotive retailer with dealerships across the U.S. and U.K., today announced that Toyota of Bowie has been renamed Group 1 Toyota Bowie as part of the company's nationwide efforts to align dealerships under the Group 1 name.",https://finance.yahoo.com/small-business/articles/group-1-automotive-announces-toyota-141000263.html,['7203.T']
2026-06-26T12:46:55Z,SoftBank Plunges 13% As OpenAI IPO Delay Concerns Shake Investors,Potential OpenAI IPO delay could postpone a clearer valuation for SoftBank's largest private investment.,https://finance.yahoo.com/markets/stocks/articles/softbank-plunges-13-openai-ipo-124655001.html,['7203.T']
2026-06-26T11:15:50Z,SoftBank stock falls on possible OpenAI IPO delay,"SoftBank holds a roughly $65 billion stake in OpenAI, and expectations of a windfall from a public listing had pushed the stock to record highs",https://qz.com/softbank-stock-openai-ipo-delay-2027-062626,['7203.T']
2026-06-26T01:34:26Z,Toyota (TM) Recalls Thousands of EVs; Here’s What Triggered the Action,"With an upside potential of 35.22% according to analysts, Toyota Motor Corporation (NYSE:TM) is among the 10 Most Promising Hydrogen and Fuel Cell Stocks According to Analysts. On June 18, Toyota Motor Corporation (NYSE:TM) announced a safety recall affecting approximately 16,200 model year 2026 bZ and Lexus RZ vehicles in North America. According to the company, the electronic control unit responsible […]",https://finance.yahoo.com/technology/articles/toyota-tm-recalls-thousands-evs-013426742.html,['7203.T']
2026-06-26T01:13:25Z,SoftBank’s Shares Tumble After Report of OpenAI’s IPO Delay,(Bloomberg) -- SoftBank Group Corp.’s stock fell by 12% on concerns that OpenAI may hold off on an initial public offering until next year and delay returns for its Japanese backer.Most Read from BloombergInvestor Who Scored 900% Win in 2008 Crisis Has New Big Short BetApple Shares Sink After Price Hikes Hit iPads and MacsStocks Whipsaw as Micron Surges While Apple Sinks: Markets WrapShip Struck in Hormuz as Oil Supertankers Turn Back AgainGrand Ole Opry House Up For Sale by Owner Ryman Hospital,https://finance.yahoo.com/markets/stocks/articles/softbank-shares-tumble-report-openai-011325236.html,['7203.T']
2026-06-25T19:47:14Z,"Ford wins J.D. Power's top spot, CEO calls it a 'breathtaking achievement'","J.D. Power named Ford (F) the top mainstream brand in its 2026 US Initial Quality Study, the first time that the American automaker reached number one in 16 years. Ford CEO Jim Farley sits down with Yahoo Finance Senior Autos Reporter Pras Subramanian to explain why this accomplishment was four years in the making for the car manufacturer.",https://finance.yahoo.com/video/ford-wins-j-d-powers-194714664.html,['7203.T']
2026-06-25T18:44:44Z,Yen Slide Could Hand Japan Automakers $5.8 Billion Boost,"Weak yen and lower oil prices could lift earnings for Toyota, Honda, Nissan, Subaru, and Mazda.",https://finance.yahoo.com/markets/currencies/articles/yen-slide-could-hand-japan-184444047.html,['7203.T']
2026-06-25T18:39:00Z,Japan Is an Investing Giant for Mom and Pop. It Just Needs to Convince Them.,"A shift in Japan’s large pool of household financial assets could reshape capital markets, one analyst says.",https://www.barrons.com/articles/japan-stocks-retail-investors-mom-and-pop-ec3133a3?siteid=yhoof2&yptr=yahoo,['7203.T']
2026-06-25T16:10:05Z,Ford CEO on JD Power win: This 'overnight success' was actually 4 years in the making,Ford (F) was named the top mainstream brand in JD Power's 2026 US Initial Quality Study — the industry standard for vehicle quality rankings — for the first time in 16 years.,https://finance.yahoo.com/markets/stocks/article/ford-ceo-on-jd-power-win-this-overnight-success-was-actually-4-years-in-the-making-161005514.html,['7203.T']
2026-06-25T15:32:00Z,Group 1 Automotive Continues Nationwide Brand Alignment with Group 1 Toyota Fort Bend in Richmond,"As part of its ongoing nationwide initiative to unify its extensive network of dealerships, Group 1 Automotive, Inc., a Houston-based automotive retailer with dealerships across the U.S. and U.K., today highlighted Group 1 Toyota Fort Bend, formerly Sterling McCall Toyota Fort Bend, which has operated under its new name since October 8, 2025.",https://finance.yahoo.com/small-business/articles/group-1-automotive-continues-nationwide-153200808.html,['7203.T']
2026-06-25T10:06:58Z,BYD (SEHK:1211) Wants To Beat Toyota And Lead Global Auto Sales By 2030,"BYD's chairman has publicly set a goal for the company to overtake Toyota and become the world's largest automaker by 2030. The announcement highlights BYD's intention to grow its presence outside China and compete more directly with global incumbents. The statement comes as investors track the company under ticker SEHK:1211 and a recent share price of HK$76.05. For investors following BYD, the 2030 ambition lands at a time when the stock has faced pressure, with the share price at HK$76.05...",https://finance.yahoo.com/markets/stocks/articles/byd-sehk-1211-wants-beat-100658295.html,['7203.T']
2026-06-25T01:17:00Z,China's BYD sets audacious goal: Overtake Toyota by 2030,"BYD Co. Chairman Wang Chuanfu has revealed a bold goal for the Chinese brand to become the largest global automaker by 2030. Doing so would mean surpassing Toyota Motor Corp., which has held the crown for six consecutive years and sold more than twice as many vehicles as BYD in 2025. It would ...",https://www.thestreet.com/automotive/byd-wants-to-overtake-toyota-by-2030,['7203.T']
2026-06-24T21:11:25Z,Toyota Motor (TSE:7203) Stock After Recent Pullback Is There Still Upside Potential,"Wondering whether Toyota Motor stock still offers value at today's levels, or if the best upside is already behind it? This article focuses squarely on what the current price may be implying. The stock last closed at ¥2,686, with returns down 4.4% over the past week and down 11.2% over the last 30 days, while still showing a 12.5% gain over 1 year, 27.2% over 3 years and 59.3% over 5 years. Recent coverage of Toyota Motor has continued to highlight its position in the global auto industry...",https://finance.yahoo.com/markets/stocks/articles/toyota-motor-tse-7203-stock-211125056.html,['7203.T']
2026-06-24T20:06:49Z,Nvidia-Backed Robotics Company Goes Public Via SPAC. Shares Briefly Jump 30%.,The humanoid robot startup Agility Robotics is going public at a $2.5 billion valuation via a SPAC merger with Churchill Capital. Shares of Churchill Capital initially soared nearly 30% on Wednesday morning.,https://www.investors.com/news/nvidia-backed-robotics-company-goes-public-via-spac-shares-briefly-jump-nearly-30/?src=A00220&yptr=yahoo,['7203.T']
2026-06-24T19:26:14Z,NTT Targets $10 Billion in Asia's Biggest Corporate Bond Sale,NTT is marketing a multi-currency debt deal that could become Asia's largest corporate offshore bond sale this year.,https://finance.yahoo.com/markets/stocks/articles/ntt-targets-10-billion-asias-192614314.html,['7203.T']
2026-06-24T14:19:00Z,Will Toyota's New EV Launches Boost Its Market Position?,"TM expands its 2026 ZEV lineup with new BEVs and PHEVs, highlighting broader consumer choice and an upcoming three-row EV debut.",https://finance.yahoo.com/markets/stocks/articles/toyotas-ev-launches-boost-market-141900996.html,['7203.T']
2026-06-24T11:21:03Z,Toyota to further cut overseas production on Hormuz disruption,"The production cuts will span several models, encompassing petrol-powered variants of the RAV4 SUV and the Avalon sedan.",https://www.just-auto.com/news/toyota-further-slash-overseas-production/,['7203.T']
2026-06-24T10:00:00Z,State Farm® Enhances Auto Claims Self-Service for Toyota and Lexus Vehicles,"As vehicle technology evolves, State Farm is continuing to advance the ways we support customers—part of the Next Gen Good Neighbor strategy to modernize our technological approach and promote safer roadways for everyone.",https://finance.yahoo.com/technology/articles/state-farm-enhances-auto-claims-100000919.html,['7203.T']
2026-06-24T09:15:38Z,Is Onchain Pricing Access via Chainlink Reshaping the Investment Case For Toyota Motor (TSE:7203)?,"Chainlink recently launched its APAC Equities Streams, bringing real-time, onchain price data for major Japanese stocks, including Toyota Motor, based on Tokyo Stock Exchange trading. This move could open Toyota shares to new blockchain-based applications and decentralized finance products, potentially broadening how investors access and use its equity data. We’ll now examine how this onchain pricing access for Toyota might influence the company’s investment narrative and longer-term...",https://finance.yahoo.com/markets/stocks/articles/onchain-pricing-access-via-chainlink-091538410.html,['7203.T']
2026-06-23T15:22:47Z,"Tesla leads Cars.com's 'Most American' car title yet again, and now tariffs play a part","Tesla's (TSLA) Model 3 and Model Y lead Cars.com's ""American-made Index"" for the sixth year in a row. Yahoo Finance Senior Autos Reporter Pras Subramanian breaks down the details.",https://finance.yahoo.com/video/tesla-leads-cars-coms-most-152247864.html,['7203.T']
2026-06-23T12:31:43Z,Chainlink Brings Japan and Korea Equity Data Onchain With New APAC Streams,"Chainlink has launched APAC Equities Streams, bringing real-time price data for Japanese and South Korean stocks onchain. The initial rollout covers the Tokyo Stock Exchange ...",https://www.ccn.com/news/crypto/chainlink-apac-equities-streams-japan-korea-onchain-stocks/,['7203.T']
2026-06-23T12:30:00Z,The Presidio Group Exclusively Advised AutoCanada on the Sale of Toyota of Lincolnwood to Serra Automotive,"LINCOLNWOOD, Ill., June 23, 2026--The Presidio Group LLC (""Presidio""), an independent merchant banking firm focused on mergers and acquisitions, capital raising and investments in the automotive retail and consumer mobility sectors, exclusively advised AutoCanada Inc. (""AutoCanada"") (TSX: ACQ) on the sale of Toyota of Lincolnwood in Lincolnwood, Ill., to Serra Automotive. The transaction closed June 22.",https://finance.yahoo.com/small-business/articles/presidio-group-exclusively-advised-autocanada-123000230.html,['7203.T']
2026-06-23T09:44:34Z,"Tesla Auto Registrations in Europe Gain in May, Other Makers Mixed","EV-maker Tesla (TSLA) new automobile registrations in Europe rose to 28,610 in May, up 107.9% on yea",https://finance.yahoo.com/markets/stocks/articles/tesla-auto-registrations-europe-gain-094434262.html,['7203.T']
2026-06-23T03:41:46Z,Nissan Shareholders Vote Out Influential Director at Meeting,"(Bloomberg) -- Nissan Motor Co. shareholders rejected the reappointment of Motoo Nagai to the board, ending the tenure of an influential outside director after he lost the support of key stakeholder Renault SA, following a rare public standoff at Japan’s typically staid annual meetings.Most Read from BloombergSpaceX Falls for Third Day, Erases $600 Billion in Market ValueIran Says Hormuz Closed Again as Talks With US Set to OpenStocks Fall as SpaceX’s Rout Offsets US-Iran Hopes: Markets WrapUS a",https://finance.yahoo.com/markets/stocks/articles/nissan-director-voted-rare-public-034146037.html,['7203.T']
2026-06-22T22:00:00Z,"AUTOCANADA CLOSES SALE OF TOYOTA OF LINCOLNWOOD, ADVANCING U.S. EXIT","AutoCanada Inc. (""AutoCanada"" or the ""Company"") (TSX: ACQ), a leading Canadian multi-location automobile dealership and collision repair group, today announced that it has completed the sale of Toyota of Lincolnwood in Lincolnwood, Illinois. The dealership was part of the Company's U.S. operations, which were classified as discontinued operations at the end of 2024, and generated a net loss from discontinued operations of $103.4 million in 2024.",https://finance.yahoo.com/markets/stocks/articles/autocanada-closes-sale-toyota-lincolnwood-220000147.html,['7203.T']
2026-06-22T20:10:03Z,Sony Plans Its First Dollar-Bond Sale in Nearly Three Decades,"(Bloomberg) -- Sony Group Corp. was still marketing the original PlayStation when it last tapped the US investment-grade bond market. Almost three decades later, it’s readying a comeback. Most Read from BloombergIran Says Hormuz Closed Again as Talks With US Set to OpenUS and Iran Make ‘Progress’ in Talks, Aim to Keep Hormuz OpenMeta Taps New WhatsApp Boss as Part of $900 Million InvestmentIranian Negotiators Said to Still Be Engaged in Talks With USStocks Fall as SpaceX’s Rout Offsets US-Iran H",https://finance.yahoo.com/markets/stocks/articles/sony-plans-first-dollar-bond-041353535.html,['7203.T']
2026-06-22T13:27:38Z,Global Auto Weighs Toronto IPO After $8 Billion Revenue Push,"Global Auto is exploring a Toronto listing as soon as this year, with deliberations still ongoing.",https://finance.yahoo.com/markets/stocks/articles/global-auto-weighs-toronto-ipo-132738598.html,['7203.T']
2026-06-22T11:25:53Z,Momenta prepares $1bn Hong Kong IPO at $9bn valuation,The company develops technology it describes as the “brain” for autonomous vehicles. It sells driving assistance systems to carmakers.,https://www.just-auto.com/news/momenta-prepares-1bn-hong-kong-ipo/,['7203.T']
2026-06-22T09:07:07Z,"Archion replaces Hino, Fuso at CJPT",The two truck-makers completed their merger in April.,https://www.just-auto.com/news/archion-replaces-hino-fuso-at-cjpt/,['7203.T']
2026-06-22T06:29:00Z,"Civinity launches electrification of its vehicle fleet: Toyota representatives in Lithuania and Latvia win the tender, with the first 150 vehicles to be delivered this year","Civinity, a group providing building maintenance, administration and engineering solutions, has completed the first stage of its vehicle fleet renewal tender and is launching one of the largest projects of its kind in the services sector. During the first stage, the Group will acquire 150 new commercial vehicles of various specifications and capabilities from the Toyota Proace family in Lithuania and Latvia. The first vehicles are expected to reach operational teams in September–October. The val",https://finance.yahoo.com/energy/articles/civinity-launches-electrification-vehicle-fleet-062900746.html,['7203.T']
2026-06-20T14:00:16Z,Driving an EV in These US States Saves You the Most Money,"(Bloomberg) -- Nearly $1,500 a year. That’s roughly the fuel savings at the moment between a current gas car and the typical electric vehicle charged at a US home.Most Read from BloombergRead the 14-Point Draft Memorandum Between the US and IranUS-Iran Nuclear Talks Stall Over Lebanon Before They BeginDOJ Rejects Judge Request to Certify $1.8 Billion Fund NixedIran Floats ‘Insurance Fees’ and Asserts Control Over HormuzUS Tells ASML It’s Concerned China May Have Top Chip ToolAcross the country,",https://finance.yahoo.com/energy/articles/driving-ev-us-states-saves-140016315.html,['7203.T']
2026-06-19T17:04:00Z,Group 1 Automotive Continues Nationwide Brand Alignment with Group 1 Toyota Southwest Houston in Houston,"As part of its ongoing nationwide initiative to unify its extensive network of dealerships, Group 1 Automotive, Inc. (NYSE: GPI), a Houston-based automotive retailer with dealerships across the U.S. and U.K., today highlighted Group 1 Toyota Southwest Houston, formerly Sterling McCall Toyota, which has operated under its new name since January 5, 2026.",https://finance.yahoo.com/small-business/articles/group-1-automotive-continues-nationwide-170400800.html,['7203.T']
2026-06-19T16:00:00Z,Toyota Announces Executive Changes,"Toyota announced executive changes to its manufacturing, supply chain, and financial services operations designed to better serve its customers, drive continued growth, and advance its commitment to building where it sells.",https://finance.yahoo.com/technology/articles/toyota-announces-executive-changes-160000477.html,['7203.T']
2026-06-18T13:51:00Z,Toyota Canada highlights its growing electrified lineup at Unplug & Drive Event,"Toyota is strengthening its position as the industry's only full-line automaker this year, with a significant expansion of its selection of zero emissions vehicles. To put its strategy to the most rigorous test, Toyota Canada invited Canadian automotive journalists from coast to coast to unplug and drive – an opportunity to experience the company's 2026 lineup of all-new battery-electric and plug-in hybrid vehicles.",https://finance.yahoo.com/energy/articles/toyota-canada-highlights-growing-electrified-135100078.html,['7203.T']
2026-06-16T21:50:03Z,Toyota Motor Corporation (TM) Declines More Than Market: Some Information for Investors,"The latest trading day saw Toyota Motor Corporation (TM) settling at $178.19, representing a -1.13% change from its previous close.",https://finance.yahoo.com/markets/stocks/articles/toyota-motor-corporation-tm-declines-215003274.html,['7203.T']
2026-06-16T20:08:49Z,SoftBank Group (TSE:9984) Stock Tops Toyota As OpenAI Tie Up Deepens,"SoftBank Group (TSE:9984) has overtaken Toyota as Japan's largest company by market value, reflecting stronger investor focus on AI and semiconductor exposure. The company has expanded its AI cybersecurity partnership with OpenAI, including the launch of a jointly developed security product. SoftBank also announced the departure of the Vision Fund chief financial officer, marking a change in its investment unit's leadership. For investors watching Japan, SoftBank Group now sits at the top...",https://finance.yahoo.com/markets/stocks/articles/softbank-group-tse-9984-stock-200849501.html,['7203.T']
2026-06-16T20:05:00Z,GM unveils new Silverado amid growing pickup truck challenges,"Yahoo Finance Senior Autos Reporter Pras Subramanian joins Josh Lipton on Market Domination to break down the new (GM) Chevrolet's redesigned Silverado and examine the mounting challenges facing the pickup truck market, from shifting consumer demand to affordability concerns and increased competition.",https://finance.yahoo.com/video/gm-unveils-new-silverado-amid-growing-pickup-truck-challenges-200500160.html,['7203.T']
2026-06-16T16:38:00Z,"TOYOTA SHOWS HOW IT IS TURNING CLIMATE GOALS INTO ACTION ON ""EARTH WITH JOHN HOLDEN"" THIS WEEKEND","Toyota Motor North America will be featured in an upcoming episode of Earth with John Holden, airing Sunday, June 21, on Bloomberg Television. The episode showcases Toyota's ongoing commitment to innovative environmental initiatives designed to help create a more sustainable future.",https://finance.yahoo.com/energy/articles/toyota-shows-turning-climate-goals-163800318.html,['7203.T']
2026-06-16T16:00:00Z,THIRD WAVE AUTOMATION ANNOUNCES TECHNOLOGY PARTNERSHIP WITH THE RAYMOND CORPORATION TO SCALE PHYSICAL AI ACROSS RAYMOND LIFT TRUCK FLEETS,"Third Wave Automation (Third Wave) announced a technology collaboration with The Raymond Corporation, part of Toyota Material Handling North America (TMHNA) to launch and expand AI-enabled physical automation capabilities across select automated Raymond lift trucks.",https://finance.yahoo.com/technology/ai/articles/third-wave-automation-announces-technology-160000269.html,['7203.T']
2026-06-16T11:08:34Z,Japan weighs mandatory EV battery collection law – report,"The country's Environment Ministry and Ministry of Economy, Trade and Industry jointly drafted a report last week proposing policy measures and a timeline for establishing a formal EV battery recycling framework.",https://www.just-auto.com/news/japan-mandatory-ev-battery-collection-law/,['7203.T']
2026-06-15T20:13:15Z,Toyota’s US Documentary Puts Manufacturing Legacy And Valuation In Focus,"Toyota Motor (TSE:7203) is marking nearly 70 years of American manufacturing with the launch of a new documentary. The film spotlights the company’s longstanding U.S. manufacturing footprint and highlights ongoing investments in electrification. Toyota is using the documentary to emphasize its expanding U.S. presence, including its battery plant project in North Carolina. Toyota Motor (TSE:7203), recently trading around ¥2,902.5, is using this anniversary moment to remind investors how...",https://finance.yahoo.com/markets/stocks/articles/toyota-us-documentary-puts-manufacturing-201315888.html,['7203.T']
2026-06-15T15:30:53Z,Toyota Is No Longer Japan's Most Valuable Company: Is The Writing On The Wall For The World's Largest Car Maker,"SoftBank Group Corp. has overtaken Toyota Motor Corp. as Japan's largest company by market value, as investor demand for artificial intelligence and semiconductor-linked stocks pushed the Nikkei 225 to a record high. SoftBank Ends Toyota's Long Market Reign The shift...",https://finance.yahoo.com/markets/stocks/articles/toyota-no-longer-japans-most-153053011.html,['7203.T']
2026-06-15T13:00:00Z,Built to Last: Toyota's Mobility Journey,"Seven decades. In the life of a nation, it's a chapter. In the life of an industry, it's an evolution. But for one company, it has been a promise kept – a promise not just to sell cars in America, but to assemble them here, alongside the people who drive them.",https://finance.yahoo.com/sectors/technology/articles/built-last-toyotas-mobility-journey-130000616.html,['7203.T']
2026-06-15T12:25:29Z,Tariffs Have Crushed Toyota But We Say Buy the Dip,"Toyota’s (NYSE:TM) American depositary receipts have taken a beating in 2026, sliding 18.27% year to date as U.S. tariffs gut North American profitability and global volumes soften. Yet the setup remains compelling. The stock trades at $174.95, and the 24/7 Wall St. price target points to $240.94 over the next 12 months. That signals meaningful ... Tariffs Have Crushed Toyota But We Say Buy the Dip",https://247wallst.com/investing/2026/06/15/tariffs-have-crushed-toyota-but-we-say-buy-the-dip/,['7203.T']
2026-06-15T12:20:00Z,Toyota Europe CEO views company as a ‘European OEM’,"Yoshihiro Nakata says its manufacturing partners in the U.K., Japan and Turkey should be recognized as “Made in EU” under a legislative proposal.",https://www.wardsauto.com/news/toyota-europe-ceo-views-company-as-a-european-oem/822759/,['7203.T']
2026-06-15T11:06:00Z,Adapting AI to auto dealership operations is a work in progress,"Ohio dealer Kyle Pisani uses artificial intelligence to maximize sales, fine-tune operations and measure performance.",https://www.wardsauto.com/news/adapting-ai-to-auto-dealership-operations-is-a-work-in-progress/822726/,['7203.T']
2026-06-14T05:36:10Z,Japan moves to secure rare earth supplies with Greenland visit - Nikkei,"Investing.com -- Japan is preparing to send a delegation to Greenland this summer to evaluate possible rare earth extraction, Reuters reported, citing Nikkei.",https://finance.yahoo.com/sectors/energy/articles/japan-moves-secure-rare-earth-053610486.html,['7203.T']
2026-06-13T07:18:29Z,Toyota Challenges EU Rules While Advancing Global Production And Safety Agenda,"Toyota Motor (TSE:7203) is challenging proposed EU ""Made in Europe"" auto rules and arguing that global manufacturing partners should be recognized in EU industrial policy. The company is working to secure treatment for international suppliers and joint ventures that aligns with its existing European production and sourcing model. Toyota is also rolling out a new safety-focused airbag, aimed at meeting evolving regulatory expectations and differentiating its vehicle safety offering. Toyota...",https://finance.yahoo.com/markets/stocks/articles/toyota-challenges-eu-rules-while-071829446.html,['7203.T']
2026-06-12T10:37:09Z,"Persian Gulf, Oil Price Outlooks Buoy Asian Stocks Markets",Asian stock markets rallied on Friday after US President Donald Trump overnight again signaled that,https://finance.yahoo.com/markets/world-indices/articles/persian-gulf-oil-price-outlooks-103709868.html,['7203.T']
2026-06-12T10:02:00Z,Toyoda Gosei’s New driver-side airbag Used on New Lexus ES,"KIYOSU, Japan, June 12, 2026--Toyoda Gosei Co., Ltd. (TOKYO:7282)’s new driver-side airbag has been chosen for use on the new Lexus ES launched from Toyota Motor.",https://finance.yahoo.com/sectors/healthcare/articles/toyoda-gosei-driver-side-airbag-100200014.html,['7203.T']
2026-06-12T07:00:22Z,Kioxia Becomes Japan’s Most Valuable Firm as AI Mania Goes On,"(Bloomberg) -- Memory chipmaker Kioxia Holdings Corp. replaced Toyota Motor Corp. to become Japan’s largest company by market value, underscoring how the global artificial intelligence boom is reshaping the country’s corporate landscape. Most Read from BloombergSpaceX IPO Raises $75 Billion in Biggest Debut of All TimeXbox Plans Significant Layoffs as New CEO Plans OverhaulTrump Insists Iran Deal Is Close After Scrapping New StrikesTrump Vows New Attacks on Iran, Threatens Key Energy TargetsUAE",https://finance.yahoo.com/sectors/technology/articles/kioxia-becomes-japan-most-valuable-070022062.html,['7203.T']
2026-06-12T01:47:00Z,SoftBank’s big OpenAI play faces critical new hurdle,"On June 1, 2026, SoftBank Group did something it hadn't done in over two decades: it overtook Toyota as Japan's most valuable company. The milestone lasted just over a week before a setback tested the company's artificial intelligence (AI) investment thesis. Bloomberg reported on June 10 that ...",https://www.thestreet.com/investing/softbanks-big-openai-play-faces-critical-new-hurdle,['7203.T']
2026-06-11T16:26:35Z,Tesla Is Worth More Than The Next 10 Car Companies Combined,"Tesla (NASDAQ: TSLA) is not worth more than all the world’s car companies combined, although this is often raised in a “fake news” sort of way. A more accurate way to make the calculation is to note that the figure is close to 10x, or maybe slightly more, in aggregate. The numbers are still staggering. ... Tesla Is Worth More Than The Next 10 Car Companies Combined",https://247wallst.com/investing/2026/06/11/tesla-is-worth-more-than-the-next-10-car-companies-combined/,['7203.T']
2026-06-11T14:00:00Z,TOYOTA CELEBRATES LATINO FANS' UNWAVERING PASSION WITH SOCCER CAMPAIGN ROOTED IN ENDURANCE,"This summer, Toyota is spotlighting the unwavering passion of Latino soccer fans with the launch of ""Endurance Is Our Game,"" a culturally driven campaign that celebrates belief, resilience, and the refusal to give up. Inspired by the insight that Latino fútbol fans stay committed through every high and low, the campaign draws a powerful parallel between that enduring spirit and Toyota trucks which are built to go the distance.",https://finance.yahoo.com/sectors/technology/articles/toyota-celebrates-latino-fans-unwavering-140000910.html,['7203.T']
2026-06-11T12:23:53Z,Toyota Pushes Back on Europe Auto Rules,Made In Europe Plan Raises Automaker Cost Concerns,https://finance.yahoo.com/economy/policy/articles/toyota-pushes-back-europe-auto-122353293.html,['7203.T']
2026-06-11T10:31:02Z,Toyota calls for broader EU automotive policy approach,Toyota said EU critical partners - such as the UK - should be recognised in the same way as ‘Made in EU’ under the Industrial Accelerator Act.,https://www.just-auto.com/news/toyota-broader-eu-automotive-policy-approach/,['7203.T']
2026-06-10T19:45:42Z,Tesla Slips as BYD Raises Global Ambitions,BYD wants to become the world's largest automaker by volume within five years.,https://finance.yahoo.com/markets/stocks/articles/tesla-slips-byd-raises-global-194542675.html,['7203.T']
2026-06-10T18:14:09Z,Toyota backs Tier IV in level 4 autonomous vehicle push,"The stake, made through Toyota subsidiary Toyota Invention Partners, amounts to a 1% holding valued at an estimated Y1bn ($6.2m).",https://www.just-auto.com/news/toyota-tier-iv-l4-autonomous-vehicle-push/,['7203.T']
2026-06-10T12:26:22Z,BYD chairman says firm will be world's biggest automaker in 5 years,"<body><p>STORY: Wang Chuanfu, chairman of BYD, on Tuesday said he expected the Chinese firm to become the world's largest automaker within five years.</p><p>He was seeking to reassure investors following a steep drop in the company's share price.</p><p>BYD ranked sixth globally last year with 4.6 million vehicles sold.</p><p>But it's struggled to restore growth after its domestic sales were hit by intensified competition with local peers.</p><p>Shares of the company have dropped more than 45% from their peak in Hong Kong over the past year.</p><p>While its Shenzhen-listed stock has fallen by a third.</p><p>Wang addressed nearly 1,000 stockholders at the company's annual shareholder meeting.</p><p>On Wednesday, BYD confirmed that Wang said he wants the company to be the world's No. 1 automaker.</p><p>But didn't respond to additional questions from Reuters about other details discussed at the meeting.</p><p>The firm would need to overtake Japan's Toyota to achieve that goal, which sold more than twice as many vehicles as BYD last year.</p><p>BYD's exports between January and May grew 65% from a year earlier.</p><p>Brazil, Britain and Australia ranked as its largest markets.</p><p>This growth though failed to offset a weaker domestic performance.</p><p>As overall deliveries during the same period fell more than a fifth.</p></body>",https://finance.yahoo.com/video/byd-chairman-says-firm-worlds-122622378.html,['7203.T']
2026-06-10T04:25:25Z,SoftBank Attempt to Get $6 Billion OpenAI Margin Loan Stalls,"(Bloomberg) -- SoftBank Group Corp.’s talks with potential creditors to raise at least $6 billion from a margin loan backed by its OpenAI stake have stalled, people familiar with the matter said, just weeks after the Japanese conglomerate cut its initial target from $10 billion.Most Read from BloombergHouse Republican Says Hegseth’s D-Day Remarks ‘Inappropriate’US Strikes Iran After Helicopter Downed, Testing Peace TalksUS Launches Strikes Against Iran After Helicopter Shot DownStocks Pare Tech-",https://finance.yahoo.com/markets/stocks/articles/softbank-attempt-6-billion-openai-042525869.html,['7203.T']
2026-06-10T01:00:00Z,Geekplus Deploys Moving-Type AMRs at Multiple Toyota Motor Corporation Plants,"—Supporting fully unmanned inter-process transport from inbound receiving to picking—BEIJING, June 10, 2026 (GLOBE NEWSWIRE) -- Geekplus Co., Ltd. has announced the deployment of moving-type Autonomous Mobile Robots (AMRs) at several Toyota Motor Corporation plants in Japan. Currently, a total of 436 Geekplus moving-type AMRs are operating in Toyota Motor Corporation's factories, with operations scaled up to approximately 200 units per system. ■ Deployment Background As labor shortages due to a",https://finance.yahoo.com/sectors/technology/articles/geekplus-deploys-moving-type-amrs-010000625.html,['7203.T']
2026-06-09T14:39:00Z,Is NIO's Path to Positive Operating Profit Becoming Clear?,"NIO targets positive non-GAAP operating profit in 2026, backed by disciplined R&D spending, higher efficiency and plans to improve operating leverage.",https://finance.yahoo.com/markets/stocks/articles/nios-path-positive-operating-profit-143900016.html,['7203.T']
2026-06-09T12:45:00Z,Kerrigan Advisors Represents Tameron Automotive Group in Sale of Toyota of Newnan to AutoNation,"ATLANTA, June 09, 2026--Kerrigan Advisors represented Birmingham, Alabama-based Tameron Automotive Group, owned by Danny Braden and Rob Gallik, in the sale of Toyota of Newnan to AutoNation – the second Toyota dealership AutoNation has acquired in over a decade. The sale of this Southeast Toyota dealership marks Kerrigan Advisors’ 328th dealership sold since the firm’s inception. It also marks the firm’s 40th Toyota franchise sold since 2015 – the most of any sell-side advisor in the industry –",https://finance.yahoo.com/markets/stocks/articles/kerrigan-advisors-represents-tameron-automotive-124500561.html,['7203.T']
2026-06-09T12:00:00Z,"AutoNation, the Largest Toyota Dealer in the U.S. in 2025, Acquires Toyota of Newnan","ATLANTA, June 09, 2026--AutoNation, Inc. (NYSE: AN) today announced its acquisition of Toyota of Newnan, effective June 8, 2026. The dealership has been renamed AutoNation Toyota Newnan and represents approximately $200 million in annual revenue and 4,900 retail new and used vehicle annual unit sales.",https://finance.yahoo.com/markets/stocks/articles/autonation-largest-toyota-dealer-u-120000011.html,['7203.T']
2026-06-09T08:25:44Z,Toyota to begin selling US-made Camry in Japan,Right-hand drive models to be shipped to Japan from this autumn.,https://www.just-auto.com/news/toyota-to-begin-selling-us-made-camry-in-japan/,['7203.T']
2026-06-08T15:09:35Z,Assessing Toyota Motor (TSE:7203) Valuation After Recent Share Price Weakness,"Recent share performance and what it might mean for Toyota Motor stock Toyota Motor (TSE:7203) has seen its share price fall about 4% over the past month and about 19% over the past 3 months, drawing attention to how the current valuation lines up with its fundamentals. See our latest analysis for Toyota Motor. Looking beyond the recent pullback, Toyota Motor’s share price is down 17.36% year to date. However, the 1 year total shareholder return of 9.65% and 3 year total shareholder return of...",https://finance.yahoo.com/markets/stocks/articles/assessing-toyota-motor-tse-7203-150935016.html,['7203.T']
2026-06-08T13:30:04Z,Is Toyota Motor (TM) a Buy as Wall Street Analysts Look Optimistic?,"The average brokerage recommendation (ABR) for Toyota Motor (TM) is equivalent to a Buy. The overly optimistic recommendations of Wall Street analysts make the effectiveness of this highly sought-after metric questionable. So, is it worth buying the stock?",https://finance.yahoo.com/markets/stocks/articles/toyota-motor-tm-buy-wall-133004879.html,['7203.T']
2026-06-08T13:23:00Z,"Ladybug Resource Group, Inc., Strategic Lead Shicai Li: Bridging Japanese Lean Management With Industrial AI Innovation","TULSA, OK - June 8, 2026 (NEWMEDIAWIRE) - Ladybug Resource Group, Inc. (""Ladybug"" or the ""Company"") (OTC ID: LBRG) is pleased to highlight the leadership of Mr. Shicai Li, the Chief Executive Officer of its recently acquired Guangzhou JingDiao assets...",https://finance.yahoo.com/sectors/technology/articles/ladybug-group-inc-strategic-lead-132300917.html,['7203.T']
2026-06-05T22:05:53Z,Toyota (TM) Racing Set to Conduct First Public Demonstration Drives of TR LH2 Racing Prototype,Toyota Motor Corporation (NYSE:TM) is one of the best cheap stocks to buy for beginners. Toyota Motor Corporation (NYSE:TM) announced on June 3 that Toyota Racing will conduct the first public demonstration drives of its liquid hydrogen-fuelled TR LH2 Racing Prototype in the build-up to the 94th edition of the Le Mans 24 Hours next week. The […],https://finance.yahoo.com/sectors/energy/articles/toyota-tm-racing-set-conduct-220553921.html,['7203.T']
2026-06-04T18:11:50Z,"The Street is Bullish on Toyota Motor Corporation (TM), Here’s Why","​Toyota Motor Corporation (NYSE:TM) is one of the Best Low Cost Stocks to Buy According to Hedge Funds. The Street is bullish on Toyota Motor Corporation (NYSE:TM) as 79% of the 19 analysts covering the stock have a Buy rating on the stock. Moreover, the average 12-month price target on the stock suggests more than […]",https://finance.yahoo.com/markets/stocks/articles/street-bullish-toyota-motor-corporation-181150492.html,['7203.T']
2026-06-04T17:30:00Z,"Whisp Launches First-of-Its-Kind Platform for Top Consumer Brands to Instantly Secure Consensual, Verified Mobile Opt-Ins, Boosting Engagement and Revenue","Today, Whisp—the world's leading mobile opt-in expert—officially announced the launch of the company's first-of-its-kind customer activation platform, turning taps, scans, and clicks into instant customer connections that power the marketing stack for top consumer brands. Serving brands like Pepsi, Toyota, and Hilton Grand Vacations, Whisp makes it easy to capture opt-ins at the moment of customer engagement. With instant activation across SMS, RCS, wallet passes, and CRM-driven workflows, Whisp",https://finance.yahoo.com/sectors/technology/articles/whisp-launches-first-kind-platform-173000575.html,['7203.T']
2026-06-04T13:49:43Z,A closer look at Ford's new Bronco Filson,Interactive Brokers chief strategist Steve Sosnick and Yahoo Finance Senior Autos Reporter Pras Subramanian chat with Yahoo Finance's Julie Hyman about Ford's (F) new Bronco Filson.,https://finance.yahoo.com/video/a-closer-look-at-fords-new-bronco-filson-134943130.html,['7203.T']
2026-06-04T12:47:00Z,Big auto retailers’ growth strategy includes selling dealerships,"Penske, Group 1 and Lithia have shown it isn't just acquisitions that drive shareholder performance.",https://www.wardsauto.com/news/big-auto-retailers-growth-strategy-includes-selling-dealerships/821945/,['7203.T']
2026-06-04T04:30:21Z,The Bull Case For Toyota Motor (TSE:7203) Could Change Following Global Sales Slump And SoftBank Surpassion - Learn Why,"Toyota Motor recently reported its third consecutive monthly drop in global vehicle sales, with sharp declines in the Middle East and China partly offset by a strong rebound in Japan, while also seeing SoftBank overtake it as Japan’s largest company by market value. This combination of weaker overseas demand and a shift in domestic market leadership toward technology underscores changing competitive and investor priorities around the company. We’ll now examine how this sustained global sales...",https://finance.yahoo.com/markets/stocks/articles/bull-case-toyota-motor-tse-043021770.html,['7203.T']
2026-06-03T20:12:17Z,Kioxia Surges 660% As AI Boom Reshapes Japan's Market,"Kioxia briefly topped Toyota's market value, signaling a possible shift toward AI-linked semiconductor growth in Japan.",https://finance.yahoo.com/markets/stocks/articles/kioxia-surges-660-ai-boom-201217311.html,['7203.T']
2026-06-03T19:33:43Z,"Tesla’s Japan Bet Pays Off — 1,996 Vehicle Registrations Mark 182% Jump In May","The rise in registrations underscores Tesla’s accelerating momentum in a market long dominated by domestic giants like Toyota, Honda, and Nissan.",https://stocktwits.com/news-articles/markets/equity/tesla-japan-bet-pays-off-vehicle-registrations-mark-182-percent-jump-in-may/cZ0jiQ6ReUk,['7203.T']
2026-06-03T13:56:46Z,"Three Ways to Play South Korea’s 2026 Stock Market Boom, From a Steady ETF to a 503% Leveraged Bet","In previous decades, South Korea has always been a cultural and financial afterthought after Japan, with its dominance in electronics and engineering through companies like Sony, Toyota, JVC, Honda, and Mitsubishi; and China, with its enormous low cost manufacturing, geopolitical and military clout, and expanding middle class prosperity. Apart from the Korean War and the ... Three Ways to Play South Korea’s 2026 Stock Market Boom, From a Steady ETF to a 503% Leveraged Bet",https://247wallst.com/investing/2026/06/03/three-ways-to-play-south-koreas-2026-stock-market-boom-from-a-steady-etf-to-a-503-leveraged-bet/,['7203.T']
2026-06-03T12:13:49Z,Japanese suppliers form venture for modular EV battery factories – report,"The initiative is being led by Swiftfab Energy Systems, a company formed in April by nine battery equipment suppliers.",https://www.just-auto.com/news/japanese-suppliers-venture-ev-battery-factories/,['7203.T']
2026-06-02T16:00:00Z,"Toyota's Collaborative Safety Research Center Touts Partnerships, Eyes Future with Announcement of 10 New Projects","Before joining Toyota's Collaborative Safety Research Center (CSRC), Zhaonan Sun spent years studying how the human body absorbs the force of a crash.",https://finance.yahoo.com/sectors/technology/articles/toyotas-collaborative-safety-research-center-160000162.html,['7203.T']
2026-06-02T14:41:56Z,"Toyota Motor Corporation’s (TM) Global Vehicle Sales Dropped for a Third Consecutive ‌Month in April, Reuters Reports","Toyota Motor Corporation (NYSE:TM) is one of the top 10 undervalued blue chip stocks analysts recommend for smart investing. Reuters reported on May 28 that, according to a report by Toyota Motor Corporation (NYSE:TM) released on Thursday, the company’s global vehicle sales dropped for a third consecutive ‌month in April, hit primarily by sharp declines in […]",https://finance.yahoo.com/markets/stocks/articles/toyota-motor-corporation-tm-global-144156261.html,['7203.T']
2026-06-02T14:14:26Z,"Toyota Motor Corporation (TM) Seeks Approval for New Vehicle Assembly Line in Texas, Reuters Reports","Toyota Motor Corporation (NYSE:TM) is one of the best inexpensive stocks to invest in right now. Reuters reported on May 14 that Toyota Motor Corporation (NYSE:TM) has sought approval for the construction of a new vehicle assembly line at its existing manufacturing complex in Texas. According to a filing, the proposed complex has around $2 billion in […]",https://finance.yahoo.com/markets/stocks/articles/toyota-motor-corporation-tm-seeks-141426996.html,['7203.T']
2026-06-02T14:01:00Z,Global Alternative Fuel Vehicle and New Energy Vehicle Market Expected to Hit USD 246.57 Billion by 2031 at 4.5% CAGR | Valuates Reports,Global Alternative Fuel Vehicle and New Energy Vehicle Market Expected to Hit USD 246.57 Billion by 2031 at 4.5% CAGR | Valuates Reports,https://finance.yahoo.com/sectors/energy/articles/global-alternative-fuel-vehicle-energy-140100393.html,['7203.T']
2026-06-02T12:55:00Z,5 Reasons to Pony Up for Pony AI Stock—and 1 Reason to Wait,"Pony AI has small chance of entering the US market but can dominate in China and the EU, the factors underpinning its stock price reversal.",https://www.marketbeat.com/originals/5-reasons-to-pony-up-for-pony-ai-stockand-1-reason-to-wait/?utm_source=yahoofinance&utm_medium=yahoofinance,['7203.T']
2026-06-02T10:37:31Z,Market Chatter: Toyota Motor-Led Industry to Standardize Defect Rules to Cut Waste and Improve Supply,Toyota Motor (TM) and other Japanese automakers will adopt unified standards for defining defective,https://finance.yahoo.com/sectors/technology/articles/market-chatter-toyota-motor-led-103731567.html,['7203.T']
2026-06-02T01:00:00Z,Peak Performance: Toyota Introduces the 2026 GRMN Corolla,"Driving enthusiasts, rejoice: GAZOO Racing (GR) has unveiled the 2026 GRMN Corolla, the ultimate in GR Corolla performance. This track-oriented compact hatchback was developed under GR's philosophy of ""making better cars starting from motorsport,"" and it was engineered so drivers can confidently push it to the limit at the Nürburgring, where Master Driver Akio Toyoda, also known as Morizo, began his driving career.",https://finance.yahoo.com/sectors/technology/articles/peak-performance-toyota-introduces-2026-010000870.html,['7203.T']
2026-06-01T17:39:24Z,"SoftBank Surges 90% This Year, Overtakes Toyota in Market Value",AI optimism pushes SoftBank above Toyota as investors rotate toward AI infrastructure plays.,https://finance.yahoo.com/markets/stocks/articles/softbank-surges-90-overtakes-toyota-173924603.html,['7203.T']
2026-06-01T16:30:00Z,Toyota Turns Up the Thrill for 2027 with New Updates to GR86,"Making its debut at FuelFest in the Bay Area, where car culture, performance, passion and the enthusiast community come together, the 2027 Toyota GR86 returns with a series of focused enhancements designed to deepen the connection between driver, car and road. Built for enthusiasts and engineered with input shaped by motorsports, the GR86 continues to deliver the kind of lightweight, rear-wheel-drive fun that has made it a favorite among sports car purists around the world.",https://finance.yahoo.com/sectors/technology/articles/toyota-turns-thrill-2027-updates-163000715.html,['7203.T']
2026-06-01T15:56:07Z,Prediction: Can Joby Aviation Soar to $20 in 2027?,"Joby Aviation (NYSE:JOBY) is finally turning into a revenue story. Q4 2025 brought $30.84 million in quarterly sales (up 55,965% year over year) thanks to the Blade passenger acquisition, and management guided 2026 revenue to $105 million to $115 million. Yet shares closed at $11.90 on May 29, down 9.85% YTD. Can JOBY hit $20 ... Prediction: Can Joby Aviation Soar to $20 in 2027?",https://247wallst.com/investing/2026/06/01/prediction-can-joby-aviation-soar-to-20-in-2027/,['7203.T']
2026-06-01T13:53:00Z,ETFs in the Spotlight as SoftBank Becomes Japan's Most Valued Company,"ETFs come into focus as SoftBank dethrones Toyota as Japan's most valuable company, driven by AI infrastructure spending.",https://finance.yahoo.com/markets/stocks/articles/etfs-spotlight-softbank-becomes-japans-135300092.html,['7203.T']
2026-06-01T12:09:20Z,SoftBank overtakes Toyota as Japan's most valuable company,"SoftBank stock climbed 14% on Monday, pushing its market cap above ¥48 trillion as AI euphoria reshapes Japan's corporate hierarchy",https://qz.com/softbank-surges-past-toyota-japan-most-valuable-company-060126,['7203.T']
2026-06-01T07:14:53Z,SoftBank overtakes Toyota after over 20 years to become Japan’s largest company,"Tech giant SoftBank has become Japan’s biggest company by market value, as AI demand powers the country’s stocks to an all-time high, helping...",https://finance.yahoo.com/markets/stocks/articles/softbank-overtakes-toyota-over-20-071453817.html,['7203.T']
2026-06-01T06:35:01Z,"SoftBank Has Ousted Toyota As Japan's Most Valuable Company, Thanks To Masayoshi Son's AI Bet — And Retail Is Paying Attention","Investors are buying into SoftBank on the prospect of windfall gains from the upcoming listing of two of its key portfolio firms, OpenAI and SB Energy.",https://stocktwits.com/news-articles/markets/equity/soft-bank-has-ousted-toyota-as-japan-s-most-valuable-company-thanks-to-masayoshi-son-s-ai-bet-and-retail-is-paying-attention/cZ0gS9YReuv,['7203.T']
2026-05-31T17:03:10Z,Toyota Reworks EV Plans As Sales Slump Tests Global Profit Story,"Toyota Motor (TSE:7203) has cancelled development of a planned Lexus electric vehicle in response to cooling global EV demand. The company is reporting a global sales slump lasting three consecutive months. Operations in the Middle East are experiencing severe disruption linked to regional turmoil and wider supply chain difficulties. Toyota, a global leader in hybrid and internal combustion vehicles through its Toyota and Lexus brands, is adjusting its product roadmap as pure EV demand...",https://finance.yahoo.com/markets/stocks/articles/toyota-reworks-ev-plans-sales-170310930.html,['7203.T']
2026-05-29T15:00:00Z,"Toyota Turns Forza Horizon 6 into a Real-World Immersive ""Barn Find"" Experience at Westfield Century City","Toyota today announced ""Lost & Found: The Challenge"" Forza Horizon and Toyota's Barn Find Pop-Up at Westfield Century City. The free public activation takes place Saturday, May 30, 2026, from 10 a.m. - 8 p.m. and Sunday, May 31, 2026, from 11 a.m. - 7 p.m. in the atrium plaza at Westfield Century City. Created in collaboration with Intertrend Communications, the pop-up event transforms the franchise's iconic ""Barn Finds"" gameplay into a real-world interactive experience celebrating the intersect",https://finance.yahoo.com/sectors/technology/articles/toyota-turns-forza-horizon-6-150000468.html,['7203.T']
2026-05-29T14:06:00Z,Pinnacle Mergers & Acquisitions Facilitates Sale of Ferrari of Denver in Colorado,"Pinnacle Mergers & Acquisitions, a leading automotive dealership brokerage firm, is pleased to announce the successful sale of Ferrari of Denver in Denver, Colorado, from Lithia Motors to Jason Pittack, CEO of the Woodhouse Auto Family. The dealership will continue operating as Ferrari of Denver under its new ownership.",https://finance.yahoo.com/markets/stocks/articles/pinnacle-mergers-acquisitions-facilitates-sale-140600373.html,['7203.T']
2026-05-29T12:19:42Z,Forget Self-Driving Cars. This Company Just Flew Passengers Over New York City. And the FAA Approved 9 More States,"Everyone is still looking at Tesla (NASDAQ:TSLA), because the robotaxi is always six months away and Optimus is always one demo away from changing the world. But the more interesting flight path is happening elsewhere. While Tesla bulls keep paying 405 times earnings for promises pushed into 2026 and beyond, an actual eVTOL aircraft just ... Forget Self-Driving Cars. This Company Just Flew Passengers Over New York City. And the FAA Approved 9 More States",https://247wallst.com/investing/2026/05/29/forget-self-driving-cars-this-company-just-flew-passengers-over-new-york-city-and-the-faa-approved-9-more-states/,['7203.T']
2026-05-29T11:18:16Z,Toyota shelves Lexus electric saloon project amid weaker EV market – report,"The vehicle had first been slated for production later this year, but that target had already been deferred to mid-2027.",https://www.just-auto.com/news/toyota-shelves-lexus-ev-project/,['7203.T']
2026-05-29T11:00:00Z,"From Texas to Tennessee, manufacturers ramp up US production","Companies spanning automotive, steel, energy, food processing and mobility are expanding U.S. operations. The post From Texas to Tennessee, manufacturers ramp up US production appeared first on FreightWaves.",https://finance.yahoo.com/economy/articles/texas-tennessee-manufacturers-double-down-110000079.html,['7203.T']
2026-05-28T23:07:28Z,Archion Weighs Capital Reserve Shift And Toyota Daimler Convertible Bonds,"ARCHION's board has proposed a transfer of capital reserves, aiming to reduce capital reserves on its balance sheet. The company has also approved a convertible bond agreement with Toyota and Daimler, tying future equity issuance to these automotive partners. These board decisions relate directly to ARCHION's capital structure and potential future collaborations with major industry players. For investors watching ARCHION (TSE:543A), these moves come as the stock trades at ¥365.0, with the...",https://finance.yahoo.com/markets/stocks/articles/archion-weighs-capital-shift-toyota-230728388.html,['7203.T']
2026-05-28T21:21:19Z,Toyota Exports To Middle East Plunge 92% As Sales Fall Again,"Toyota's April sales fell 3.7%, while regional disruption pushed Middle East exports down to 2,418 vehicles.",https://finance.yahoo.com/markets/stocks/articles/toyota-exports-middle-east-plunge-212119372.html,['7203.T']
2026-05-28T14:50:00Z,Why is Toyota Investing $2B in a New Manufacturing Facility in Texas?,TM plans a $2B Texas facility with a new assembly line as it expands U.S. production amid tariffs and rising vehicle demand.,https://finance.yahoo.com/economy/policy/articles/why-toyota-investing-2b-manufacturing-145000434.html,['7203.T']
2026-05-28T14:10:50Z,Dave Ramsey Says Divorced 40-Year-Olds Can Still Retire Rich. Here’s What the Math Actually Shows,"The caller on the Ramsey Everyday Millionaires podcast sounded defeated. Forty years old, recently divorced after 14 years of marriage, an $85,000 salary as a construction manager, and a 2010 Toyota Tundra with 251,000 miles on the odometer. He wanted to know if he could still retire well. The hosts did not flinch. “The biggest ... Dave Ramsey Says Divorced 40-Year-Olds Can Still Retire Rich. Here’s What the Math Actually Shows",https://247wallst.com/personal-finance/2026/05/28/dave-ramsey-says-divorced-40-year-olds-can-still-retire-rich-heres-what-the-math-actually-shows/,['7203.T']
2026-05-28T12:30:00Z,PTC Partners with TRD U.S.A. to Advance High-Performance Engine Development,"PTC (NASDAQ: PTC) today announced that it was named the Official Engine Design Software Partner of TRD U.S.A. (Toyota Racing Development). PTC and its Creo® computer-aided design (CAD) and Windchill® product lifecycle management (PLM) solutions will support TRD in strengthening engineering capabilities, improving efficiency, and accelerating speed to market.",https://finance.yahoo.com/sectors/technology/articles/ptc-partners-trd-u-advance-123000542.html,['7203.T']
2026-05-28T08:59:53Z,Toyota global sales down again in April,Third straight month of decline as Middle East disruption and slower sales in China continue.,https://www.just-auto.com/news/toyota-global-sales-down-again-in-april/,['7203.T']
2026-05-28T00:00:00Z,Hankook Gears Up to Perform on the Challenging Stages of FORUM8 Rally Japan 2026,"A leading global tire company Hankook Tire & Technology (Hankook), the exclusive tire supplier to the FIA World Rally Championship (WRC), continues its campaign at Round 7 of the 2026 WRC, FORUM8 Rally Japan, taking place from May 28 to 31 across the Aichi and Gifu regions of Japan.",https://finance.yahoo.com/sectors/technology/articles/hankook-gears-perform-challenging-stages-000000090.html,['7203.T']
2026-05-27T21:40:32Z,Here’s Why Freedom Broker Upgraded Toyota Motors (TM),"Toyota Motor Corporation (NYSE:TM) is one of the Most Undervalued Foreign Stocks to Buy Now. On May 14, Freedom Broker upgraded Toyota Motor Corporation (NYSE:TM) from Hold to Buy and raised the price target from $221 to $230. The analyst noted that the company appears to be adopting the new operating environment and expects the […]",https://finance.yahoo.com/markets/stocks/articles/why-freedom-broker-upgraded-toyota-214032903.html,['7203.T']
2026-05-27T18:15:48Z,Nuvve (NVVE) Q4 2025 Earnings Call Transcript,"Gregory Poilasne: Thank you, and good afternoon to everyone here today.  Stationary battery were not new to Nuvve.  Nuvve's platform has been designed to manage batteries from the ground up, either on wheels or stationary with the benefits of aggregation, second by second control and advanced stacking services, including behind-the-meter energy cost optimization, distribution grid support and ancillary services.",https://www.fool.com/earnings/call-transcripts/2026/05/27/nuvve-nvve-q4-2025-earnings-call-transcript/,['7203.T']
2026-05-27T15:10:23Z,"Celestica, Seg Solar, Fujifilm and others open facilities in May","The openings span industries including data center infrastructure, stem cells, solar modules, energy and conductors.",https://www.manufacturingdive.com/news/celestica-barilla-seg-solar-open-facilities-may/821286/,['7203.T']
2026-05-26T18:18:03Z,Pony AI Raises Robotaxi Target After 145% Revenue Surge,"Pony AI lifted its fleet goal to 3,500 vehicles after first-quarter revenue beat Bloomberg estimates.",https://finance.yahoo.com/markets/stocks/articles/pony-ai-raises-robotaxi-target-181803596.html,['7203.T']
2026-05-26T13:20:08Z,Will Joby Aviation Stock Double This Year?,"Joby Aviation (NYSE:JOBY) is one of the most polarizing names in the eVTOL space, and the question on every shareholder’s mind right now is whether the stock can double from here. Based on our proprietary model, the answer is no, at least not over the next 12 months. The 24/7 Wall St. price target for ... Will Joby Aviation Stock Double This Year?",https://247wallst.com/investing/2026/05/26/will-joby-aviation-stock-double-this-year/,['7203.T']
2026-05-26T10:54:10Z,Toyota widens overseas output cuts as Hormuz blockade hits demand,"The Japanese automaker has notified major suppliers of the revised schedule, citing softening demand across the Middle East and Asia alongside rising fuel prices that are curbing appetite for petrol-powered vehicles",https://www.just-auto.com/news/toyota-widens-overseas-output-cuts/,['7203.T']
2026-05-24T22:13:07Z,Is It Time To Reassess Toyota Motor (TSE:7203) After Recent Share Price Weakness?,"If you are wondering whether Toyota Motor is still fairly priced or starting to look interesting at current levels, this article breaks down what the numbers say about the stock's value. Toyota Motor shares last closed at ¥2,987, with the stock down 3.2% over the past week and 4.4% over the past month, even though the 1 year return sits at 17.3% and the 3 year return at 68.0%. These moves come as investors continue to react to broader sector sentiment and shifting expectations around major...",https://finance.yahoo.com/markets/stocks/articles/time-reassess-toyota-motor-tse-221307876.html,['7203.T']
2026-05-24T08:01:00Z,"As AI wipes out white-collar jobs, one Alabama high school and Toyota are training students for roles that pay $40 an hour and can’t be automated",The Huntsville Center for Technology gives high school students a foothold in the skilled trades amid a job market starved for that talent.,https://finance.yahoo.com/sectors/technology/articles/ai-wipes-white-collar-jobs-080100715.html,['7203.T']
2026-05-23T22:52:55Z,"Visteon and Ford Stocks Trade Up, What You Need To Know",A number of stocks jumped in the afternoon session after Treasury yields cooled and Iran peace deal progress reduced gas-pump price fears.,https://finance.yahoo.com/markets/stocks/articles/visteon-ford-stocks-trade-know-225255997.html,['7203.T']
2026-05-22T12:41:00Z,"AT&T (T) Partners With Lexus, Here’s What You Should Know","AT&T Inc. (NYSE:T) is one of the Most Undervalued US Stocks According to Hedge Funds. On May 12, AT&T Inc. (NYSE:T) announced its partnership with Lexus to integrate the company’s 5G network connectivity into the Lexus vehicle lineup. This integration will make its debut on the redesigned 2026 Lexus ES. ​Management noted that the Lexus […]",https://finance.yahoo.com/markets/stocks/articles/t-t-partners-lexus-know-124100218.html,['7203.T']
2026-05-22T12:23:37Z,Toyota eyes Taiwan imports amid domestic capacity strain,"The company will import Noah and Voxy minivans produced at a joint venture facility in northern Taiwan, establishing a dedicated production line for the two models.",https://www.just-auto.com/news/toyota-eyes-taiwan-imports/,['7203.T']
2026-05-22T11:52:04Z,Inchcape adds distribution presence in Bulgaria,"Inchcape Agrees to acquire Silver Star, the official Distributor of Mercedes-Benz passenger vehicles and Daimler Trucks and Buses in Bulgaria.",https://www.just-auto.com/news/inchcape-adds-distribution-presence-in-bulgaria/,['7203.T']
2026-05-21T13:30:04Z,Brokers Suggest Investing in Toyota Motor (TM): Read This Before Placing a Bet,"The average brokerage recommendation (ABR) for Toyota Motor (TM) is equivalent to a Buy. The overly optimistic recommendations of Wall Street analysts make the effectiveness of this highly sought-after metric questionable. So, is it worth buying the stock?",https://finance.yahoo.com/markets/stocks/articles/brokers-suggest-investing-toyota-motor-133004036.html,['7203.T']
2026-05-21T10:18:50Z,Reassessing Toyota Motor (TSE:7203) Valuation After Recent Share Price Volatility,"Toyota Motor (TSE:7203) is back in focus after recent share price moves that include a gain of about 1.9% over the past day, set against a weaker performance over the past month. See our latest analysis for Toyota Motor. The short term share price picture is weaker, with the stock down 8.6% over the past month and 17.6% over the past 90 days, while the 1 year total shareholder return of 17.9% highlights that longer term holders have still come out ahead. If Toyota's recent pullback has you...",https://finance.yahoo.com/markets/stocks/articles/reassessing-toyota-motor-tse-7203-101850158.html,['7203.T']
2026-05-20T15:50:00Z,How Toyota's Challenging U.S. Business Could Result in a New Ford Maverick Rival,"It looks like the company wants to fix some problems by building a new factory, perhaps in Texas -- and that could mean a new product.",https://www.fool.com/investing/2026/05/20/how-toyota-challenging-us-business-bring-ford/,['7203.T']
2026-05-19T12:48:00Z,The Dyrt Announces Best Places to Camp for Free Presented by Vanlife Trader,"The Dyrt, the app to get the best campsites, built by the largest RVing and camping community in the U.S., has announced the 2026 Best Places to Camp for Free Presented by Vanlife Trader, a modern marketplace for buying and selling campervans that helps vanlifers find the right rig for life on the road.",https://finance.yahoo.com/economy/articles/dyrt-announces-best-places-camp-124800740.html,['7203.T']
2026-05-18T19:03:00Z,The Most Brutal Car Market Is Spreading to the Rest of the World,China’s hypercompetitive car market is squeezing profit margins and forcing global auto makers including Mercedes-Benz and BYD into an intensifying worldwide battle for market share.,https://www.barrons.com/articles/china-car-market-mercedes-byd-global-auto-makers-a157ff4f?siteid=yhoof2&yptr=yahoo,['7203.T']
2026-05-18T13:03:00Z,All OEMs raise their scores: First time in Working Relations Index® history,"Despite significant tariff and EV pressures, the 2026 supplier survey reveals positive relationship trendlines for all six major North American OEMs.DETROIT, May 18, 2026 (GLOBE NEWSWIRE) -- Released by Plante Moran, the 2026 North American Automotive OEM-Supplier Working Relations Index® (WRI®) Study reveals unprecedented results. For the first time in its 26-year history, the study that evaluates relations between U.S. automakers and their suppliers indicates overall improvements across all si",https://finance.yahoo.com/sectors/technology/articles/oems-raise-scores-first-time-130300201.html,['7203.T']
2026-05-18T11:54:38Z,Toyota eyes $2B plant expansion in San Antonio,"That automaker is assessing potential locations and seeking incentives for a new facility in Texas, called Project Orca, with construction set to begin this year.",https://www.manufacturingdive.com/news/toyota-san-antonio-texas-2b-application-project-orca/820405/,['7203.T']
2026-05-18T11:33:24Z,Subaru scraps in-house BEV programme,Subaru to reallocate investments to hybrid and gasoline-powered vehicles.,https://www.just-auto.com/news/subaru-scraps-in-house-bev-programme/,['7203.T']
2026-05-17T11:25:00Z,Japan's Stealth Bull Market: How U.S. Investors Can Get Exposure,"Japanese stocks continue to attract global investors as governance reform, shareholder returns, and a weak yen drive long-term upside",https://www.marketbeat.com/stock-ideas/japans-stealth-bull-market-how-us-investors-can-get-exposure/?utm_source=yahoofinance&utm_medium=yahoofinance,['7203.T']
2026-05-16T04:23:56Z,IHI Weighs Logistics Unit Sale To Toyota Industries And Portfolio Impact,"IHI Corporation (TSE:7013) is considering transferring 80% of its subsidiary, IHI Logistics & Machinery Corporation, to Toyota Industries Corporation. The potential transaction involves a majority stake in a key logistics and machinery business within the IHI group. The Board is currently reviewing the proposal and its implications for IHI's overall business portfolio. IHI, known for its engineering and heavy industry operations, has long been involved across sectors that include machinery,...",https://finance.yahoo.com/markets/stocks/articles/ihi-weighs-logistics-unit-sale-042356537.html,['7203.T']
2026-05-15T19:45:05Z,TGR Haas F1 Team Principal Ayao Komatsu on Toyota Partnership and F1 Growth,"TGR Haas F1 Team Principal Ayao Komatsu goes Inside the ICE House to discuss the team’s growing partnership with Toyota and its impact on performance. He explains how a shared commitment to collaboration and developing people has strengthened both organizations. Komatsu also reflects on Formula 1’s global growth, driven by new media and broader fan appeal. He emphasizes the importance of preparation, trust, and decisive leadership under pressure. Ultimately, he highlights that long-term success depends on culture, learning, and empowered teams.",https://finance.yahoo.com/video/tgr-haas-f1-team-principal-194505466.html,['7203.T']
2026-05-15T13:00:00Z,Honda’s $9 Billion EV Pivot Just Delivered a First for the Company. And It Wasn’t Good.,The Japanese automaker scrapped its 2040 all-electric target and is now betting on the gas-hybrid technology it once abandoned.,https://www.entrepreneur.com/business-news/hondas-9-billion-ev-pivot-just-delivered-its-first-loss-in-70-years,['7203.T']
2026-05-15T12:55:43Z,Toyota Files $2 Billion Texas Factory Plan As US Auto Pressure Builds,"Toyota's proposed Bexar County facility would create 2,000 jobs and expand its US manufacturing footprint.",https://finance.yahoo.com/economy/policy/articles/toyota-files-2-billion-texas-125543560.html,['7203.T']
2026-05-15T12:12:24Z,Toyota Motor Q4 Earnings Call Highlights,"Toyota Motor (NYSE:TM) reported operating income of JPY 3.766 trillion for the fiscal year ended March 2026, down JPY 1.029 trillion from the prior year, as increased vehicle sales, price revisions and value-chain profits helped offset several headwinds but did not fully absorb the impact of U.S. ta",https://www.marketbeat.com/instant-alerts/toyota-motor-q4-earnings-call-highlights-2026-05-15/?utm_source=yahoofinance&utm_medium=yahoofinance,['7203.T']
2026-05-15T10:23:19Z,Toyota files for approval on $2bn Texas assembly line expansion,"The proposed development, identified as Project Orca, involves a planned investment of about $2bn and is expected to generate 2,000 jobs.",https://www.just-auto.com/news/toyota-texas-assembly-line-expansion/,['7203.T']
2026-05-15T08:35:14Z,"Market Chatter: Boeing, Toyota Back Sean Duffy Road Trip Show With $1 Million Donation Each","Boeing (BA) and Toyota (TM) each donated $1 million to help fund ""The Great American Road Trip,"" a r",https://finance.yahoo.com/markets/stocks/articles/market-chatter-boeing-toyota-back-083514953.html,['7203.T']
2026-05-15T04:37:00Z,"Tesla, Toyota expose surprising auto industry truth","Toyota Motor (TM) and Tesla (TSLA) are generally seen as rivals in the global auto business. Toyota is the manufacturing powerhouse, selling more than 11 million automobiles a year in almost every major market. Tesla is the electric vehicle disruptor that pushed the industry to embrace batteries, ...",https://www.thestreet.com/automotive/tesla-toyota-expose-surprising-auto-industry-truth,['7203.T']
2026-05-15T00:57:36Z,Is CEVA (CEVA) Turning Bluetooth Wins Into a Durable Edge‑AI Licensing Advantage?,"In May 2026, CEVA, Inc. reported first-quarter revenue of US$27.02 million versus US$24.25 million a year earlier, while its net loss widened to US$4.46 million, and announced fresh IP wins across AI, automotive and connectivity, including a major Bluetooth High Data Throughput platform adoption by a U.S. semiconductor customer. These results underline CEVA’s shift toward more integrated, system-level wireless and AI solutions, expanding its role in areas like edge AI hardware, automotive...",https://finance.yahoo.com/markets/stocks/articles/ceva-ceva-turning-bluetooth-wins-005736409.html,['7203.T']
2026-05-14T22:17:00Z,Another iconic auto brand is taken down by low EV sales,"Automakers around the world are learning just how much government subsidies propped up their electric vehicle sales, as the expiration of those subsidies is throwing cold water on the industry's EV ambitions. Take Honda, for example. Over the last three decades, the Japanese automaker has gone from ...",https://www.thestreet.com/automotive/honda-profit-falls-declining-ev-sales,['7203.T']
2026-05-14T20:16:25Z,Honda posted its first-ever loss. Here's what happened.,Honda (HMC) stock is in focus after the company posted its first-ever loss. Yahoo Finance Senior Autos Reporter Pras Subramanian breaks down the details.,https://finance.yahoo.com/video/honda-posted-its-first-ever-loss-heres-what-happened-201625509.html,['7203.T']
2026-05-14T19:14:54Z,ARCHION Weighs Toyota And Daimler Funding As Dilution Questions Linger,"ARCHION (TSE:543A) has approved and executed a convertible bond agreement with Toyota. The board is also considering additional convertible bond agreements with Daimler under a new financial flexibility framework. The stock last closed at ¥336.0. For ARCHION at ¥336.0, this new funding move with Toyota puts fresh attention on a stock that has had a mixed run. The share price is up 10.9% over the past week, but remains down 17.6% over 30 days, 15.6% year to date, 27.8% over 1 year, 39.6%...",https://finance.yahoo.com/markets/stocks/articles/archion-weighs-toyota-daimler-funding-191454638.html,['7203.T']
2026-05-14T17:08:41Z,International Stocks Keep Crushing the S&P. This Cheap ETF Is How You Get In,"For a decade, owning anything outside the S&P 500 felt like paying tuition to learn a lesson you already knew. International developed equities lagged, the dollar marched higher, and every diversification pitch sounded like an apology. That trade has flipped. Over the past year, Vanguard FTSE Developed Markets ETF (NYSEARCA:VEA) returned 34% against the S&P ... International Stocks Keep Crushing the S&P. This Cheap ETF Is How You Get In",https://247wallst.com/investing/2026/05/14/international-stocks-keep-crushing-the-sp-this-cheap-etf-is-how-you-get-in/,['7203.T']
2026-05-14T14:50:00Z,A China Deal Only Trump Could Strike,"Giving Americans access to high-quality, low-cost Chinese cars would enshrine him as a champion for struggling American households, Christopher Smart writes.",https://www.barrons.com/articles/a-china-deal-only-trump-could-strike-19e7c2dc?siteid=yhoof2&yptr=yahoo,['7203.T']
2026-05-14T13:45:11Z,"Starbucks upgraded, Doximity downgraded: Wall Street's top analyst calls","Starbucks upgraded, Doximity downgraded: Wall Street's top analyst calls",https://finance.yahoo.com/news/netflix-resumed-starbucks-downgraded-wall-133343741.html,['7203.T']
2026-05-13T14:30:31Z,Nissan predicts profit above $1 billion this fiscal year,"<body><p>STORY: Nissan forecast more than $1 billion in profit for its fiscal year on Wednesday.</p><p>The Japanese carmaker also predicted a relatively modest hit from the Iran war.</p><p>Nissan said the conflict was likely to hurt this year's operating profit forecast of $1.27 billion by less than $95 million.</p><p>It added the estimate only covered the first half of the current business year.</p><p>Nissan CEO Ivan Espinosa said the Japanese carmaker can ship a ""good amount"" of volume to the Middle East.</p><p>That's despite the bottlenecks the war has caused to transport flows.</p><p>He added Nissan expected a sales reduction of around 19,000 vehicles in the first half of its business year due to the conflict.</p><p>The hit is far less than Japanese rival Toyota flagged.</p><p>It said last week the effects of the Iran war would cost it about $4.3 billion this financial year.</p><p>Nissan expects purchasing-related cost-cutting measures and steps in manufacturing to provide a boost to this year's profit.</p><p>Although&nbsp;raw material prices are likely to be a drag.</p><p>Nissan reported a profit of just over $367 million for the year ended in March - slightly better than forecast.</p><p>The company booked the profit on improved cost performance.</p><p>As well as a one-off boost tied to U.S. emissions regulations that offset a hit from Washington's tariffs.</p><p>The latest results come while the company's CEO tries to get Nissan back to steady growth after years of turmoil.</p><p>He has cut jobs, manufacturing sites and the number of cars in its global line-up.</p></body>",https://finance.yahoo.com/video/nissan-predicts-profit-above-1-143031931.html,['7203.T']
2026-05-13T07:16:29Z,Is Renesas (TSE:6723) Quietly Repositioning Itself as a Core Supplier for Automotive AI Platforms?,"Earlier this month, Ceva reported that its first-quarter 2026 results included a mass‑volume automotive AI design win for the 2026 Toyota RAV4, delivered through Renesas, highlighting Renesas’ role as the semiconductor platform for this deployment. This collaboration underscores Renesas’ growing involvement in advanced automotive AI systems, aligning its technology more closely with next‑generation vehicle platforms and software‑centric features. We’ll now examine how Renesas’ role in...",https://finance.yahoo.com/news/renesas-tse-6723-quietly-repositioning-071629712.html,['7203.T']
2026-05-13T06:15:40Z,Assessing Renesas Electronics (TSE:6723) Valuation After Toyota RAV4 Automotive AI Win,"Ceva’s Toyota win puts Renesas’ automotive AI role in focus Ceva’s latest update spotlighted a first mass volume automotive AI deployment in the 2026 Toyota RAV4 using Renesas Electronics (TSE:6723) technology, drawing attention to Renesas’ position in AI enabled automotive semiconductors. See our latest analysis for Renesas Electronics. Renesas’ ¥3,750 share price sits against a sharp recent run, with a 30 day share price return of 41.16% and a 1 year total shareholder return of 102.84% that...",https://finance.yahoo.com/news/assessing-renesas-electronics-tse-6723-061540582.html,['7203.T']
2026-05-12T20:28:00Z,"Top Stock Reports for NVIDIA, Mastercard & AbbVie","NVIDIA, Mastercard and AbbVie headline Zacks' top stock reports, with AI growth, payment trends and drug launches in focus.",https://finance.yahoo.com/news/top-stock-reports-nvidia-mastercard-202800878.html,['7203.T']
2026-05-12T18:38:47Z,Ford’s Garage to open at a Delaware car dealership,The new location is part of a three-unit development agreement that will bring the casual-dining chain to Delaware,https://www.nrn.com/restaurant-franchising/ford-s-garage-to-open-at-a-delaware-car-dealership,['7203.T']
2026-05-12T18:21:20Z,Toyota Motor (TM) Falls Behind Profit Estimates in Q4 Report,"With an annual dividend yield of 3.44%, Toyota Motor Corporation (NYSE:TM) is included among the 12 Best Blue Chip Dividend Stocks to Buy Now. Toyota Motor Corporation (NYSE:TM) is a global automotive industry leader, manufacturing vehicles in 27 countries or regions and marketing the company’s products in over 170 countries and regions. Toyota Motor Corporation (NYSE:TM) […]",https://finance.yahoo.com/markets/stocks/articles/toyota-motor-tm-falls-behind-182120072.html,['7203.T']
2026-05-12T15:03:00Z,Toyota Q4 Earnings Miss Estimates on Tariff Hit & Cost Pressures,TM misses Q4 earnings estimates as tariff headwinds and rising costs pressure profitability despite steady sales growth.,https://finance.yahoo.com/markets/stocks/articles/toyota-q4-earnings-miss-estimates-150300296.html,['7203.T']
2026-05-12T14:00:00Z,"Fleetio Joins 23XI Racing as Primary Partner  with Corey Heim for Coca-Cola 600,  Bringing “Your Fleet’s New Pit Crew” to the Track","Partnership with 23XI and No. 67 team brings Fleetio’s maintenance-first approach to one of NASCAR’s most demanding races Fleetio Joins 23XI Racing as Primary Partner with Corey Heim for Coca-Cola 600, Bringing “Your Fleet’s New Pit Crew” to the Track Partnership with 23XI and No. 67 team brings Fleetio’s maintenance-first approach to one of NASCAR’s most demanding races BIRMINGHAM, AL, May 12, 2026 (GLOBE NEWSWIRE) -- Fleetio, the leading fleet maintenance and optimization platform, announced t",https://finance.yahoo.com/sectors/technology/articles/fleetio-joins-23xi-racing-primary-140000104.html,['7203.T']
2026-05-11T23:17:00Z,Toyota is working on a fix for its giant $4.3 billion problem,"Negotiations with Iran were not headed in a positive direction Monday, May 11. This is bad news for Toyota, the world's largest automaker, because the war across the Middle East has already cost it billions. Toyota says that ""Middle East impacts"" will cost the company 670 billion yen ($4.3 billion) ...",https://www.thestreet.com/automotive/toyota-working-to-fix-operating-profit-4-3-billion-problem,['7203.T']
