date,title,content,link,symbols,tags,sentiment.polarity,sentiment.neg,sentiment.neu,sentiment.pos
2026-05-13T22:32:30+00:00,"Stock market today: Dow retakes 50,000 level, S&amp;P 500 and Nasdaq surge to fresh records as AI trade roars back","US stocks stepped higher on Thursday as the artificial intelligence trade came back into focus and after President Trump and his Chinese counterpart, Xi Jinping, began a high-stakes US-China summit.

The Dow Jones Industrial Average (^DJI) rose 0.7%, or more than 350 points, to climb above the 50,000 level for the first time since February. The S&P 500 (^GSPC) rose about 0.8% to cross the 7,500 level for the first time, and the tech-heavy Nasdaq Composite (^IXIC) advanced 0.9%, as Nvidia’s (NVDA) stock rose amid signs of robust AI demand.

SNP - Delayed Quote•USD

(^GSPC)

Follow  View Quote Details

7,408.50 -92.74 (-1.24%)

At close: May 15 at 4:46:05 PM EDT  ^GSPC^DJI ^IXIC

Advanced Chart

Trump and Xi called for better US-China ties on Thursday as they began a two-day summit likely to cover issues ranging from tariffs to artificial intelligence. Shares in Nvidia jumped over 4% on news that the US had approved sales of its H200 chips to several Chinese firms. That set the stage for Xi’s welcome to some of America’s top CEOs, including Nvidia’s Jensen Huang, Tesla’s (TSLA) Elon Musk, and Apple’s (AAPL) Tim Cook.

Xi reportedly told the business leaders their companies could be “deeply involved in China's reform and opening up” and that “China's door will only open wider.” Also in focus are hopes that China can help break the Middle East standoff between Iran and the US, as the war drives up oil prices and risks stoking inflation.

Higher prices likely helped drive a rise in US retail sales in April, as shown in data released on Thursday, as the Iran war lifted fuel prices.

On the corporate front, Cerebras (CBRS) began trading on Thursday afternoon under the ticker symbol CBRS, surging above its IPO price. Cisco (CSCO) shares also soared after its quarterly earnings beat expectations and the networking giant laid out an AI-focused restructuring plan that will cut around 4,000 jobs.

LIVE COVERAGE IS OVER17 updates

Thu, May 14, 2026 at 8:02 PM UTC

Ines Ferré

Dow retakes 50,000, S&P 500, Nasdaq post records as AI trade powers higher

The S&P 500 (^GSPC) and Nasdaq (^IXIC) jumped to record highs on Thursday while the Dow Jones Industrial Average (^DJI) retook 50,000.

Nvidia’s (NVDA) market cap reached a record $5.7 trillion on Thursday as the AI chip heavyweight’s stock surged more than 4%. Competitor Cerebras (CBRS) began trading on Thursday afternoon under the ticker symbol CBRS, surging above its IPO price.

NasdaqGS - Delayed Quote•USD

(NVDA)

Follow  View Quote Details

225.32 -10.42 (-4.42%)

At close: May 15 at 4:00:00 PM EDT  Advanced Chart

Enthusiasm over the AI trade has sent the market higher. Meanwhile, higher inflation has pushed out expectations of rate cuts. Thu, May 14, 2026 at 7:23 PM UTC

Ines Ferré

Nvidia tops $5.5 trillion valuation as stock surges

Nvidia’s (NVDA) market cap reached a record $5.7 trillion on Thursday as the AI chip heavyweight’s stock surged more than 4% to reach an all-time intraday high.

Nvidia shares rallied along with the tech (XLK) sector ahead of the semiconductor giant’s earnings next week.

The jump also came after Reuters reported that the US Commerce Department had cleared about 10 Chinese firms to buy the H200, its second-most-powerful chip. The report said the approved Chinese companies included Alibaba (BABA), Tencent (0700.HK), ByteDance, and JD.com (JD).

NasdaqGS - Delayed Quote•USD

(NVDA)

Follow  View Quote Details

225.32 -10.42 (-4.42%)

At close: May 15 at 4:00:00 PM EDT  Advanced Chart Thu, May 14, 2026 at 6:18 PM UTC

Grace O'Donnell

Stephen Miran to step down when Kevin Warsh becomes Fed chair

Yahoo Finance’s Jennifer Schonberger reports:

Federal Reserve Governor Stephen Miran submitted his letter of resignation on Thursday, effective shortly before his successor, Kevin Warsh, is sworn in.

Miran was appointed by President Trump to serve out the remaining five months of former Fed Governor Adriana Kugler’s term as a temporary appointment ahead of his Fed chair nomination. Now that Warsh has been confirmed as the next Fed chair, Miran is stepping down.

Read more here.United States Chairman of Council of Economic Advisers Stephen Miran (R) is seen outside the White House in Washington DC, United States on June 17, 2025. (Celal Gunes/Anadolu via Getty Images)·Anadolu via Getty Images Thu, May 14, 2026 at 6:02 PM UTC

Ines Ferré

Honda stock jumps despite first-ever loss as guidance tops estimates

Pras Subramanian reports:

Japan’s Honda (HMC) posted its first-ever loss in its 70+ year history as a public company following a strategy shift from EVs, which cost it dearly. But a refocused plan to lean into hybrids and upbeat guidance for the year ahead have investors bullish.

Honda said total EV-related losses for the fiscal year ended March 2026 came in 1.579 trillion yen ($10 billion), leading to an operating profit loss of 414.3 billion yen ($2.625 billion).

Read more here. Thu, May 14, 2026 at 5:12 PM UTC

Grace O'Donnell

Cerebras pops 99% at open in largest IPO of 2026

Cerebras (CBRS) began trading on Thursday afternoon under the ticker symbol CBRS and popped over 99% in early trading.

Shares of the AI chipmaker and Nvidia (NVDA) rival opened at $350 each, marking the largest initial public offering of 2026 so far.

The AI chipmaker priced its stock at $185, giving the company an estimated valuation of roughly $40 billion based on outstanding shares disclosed in regulatory filings. On a fully diluted basis, the valuation approaches $49 billion, according to Bloomberg data.

Cerebras has taken a different approach to advanced chips than other AI chip giants. As Yahoo Finance’s Dan Howley points out, the company makes the largest commercial chip ever produced, about the size of an iPad.

Read more about the IPO here. Thu, May 14, 2026 at 4:28 PM UTC

Grace O'Donnell

Dow retakes 50,000 level, nearing record high

The S&P 500 (^GSPC) and Nasdaq (^IXIC) erased their losses from the Iran war by mid-April, hitting consecutive record highs in recent weeks as the artificial intelligence trade drove fresh gains.

Now it’s the Dow’s turn.

The Dow Jones Industrial Average (^DJI) retook the 50,000 level on Thursday, a milestone markets haven’t seen since Feb. 11 of this year. The blue-chip index currently stands a stone’s throw away from its closing record high of 50,188 on Feb. 10.

DJI - Delayed Quote•USD

(^DJI)

Follow  View Quote Details

49,526.17 -537.29 (-1.07%)

At close: May 15 at 4:46:19 PM EDT  ^DJI^IXIC ^GSPC

Advanced Chart

A 14% gain for Dow component Cisco (CSCO) helped lift the index, as well as a 4% lift in Nvidia. The Dow’s three largest components by weight — Goldman Sachs (GS), Caterpillar (CAT), and Microsoft (MSFT) — also advanced.The Dow retook the 50,000 level on Thursday. Thu, May 14, 2026 at 4:03 PM UTC

Jake Conley

Cerebras shares expected to begin trading at $350 each, 89% higher than the listing price

Shares in the AI chip developer Cerebras Systems (CBRS) are expected to begin trading at $350 per share when the company enters the public market for the first time this afternoon, according to Bloomberg.

If correct, the $350 pricing would represent an 89% jump over the listing price of $185 per share.

Cerebras’ IPO is expected to be the largest so far this year, with a $5.55 billion fundraise. The figure also makes it the largest US semiconductor IPO on record, surpassing the $5.23 billion raised by Arm Holdings (ARM) in 2023.

Cerebras is one of a growing number of companies looking to challenge Nvidia’s (NVDA) chokehold on the chip design market. Arm Holdings and its majority owner SoftBank (SFTBY) had staged a last-hour approach to try to buy Cerebras only weeks before the IPO, per Bloomberg, but the offer was denied.

Cerebras focuses on inference speed, and claims its hardware runs AI models faster than Nvidia’s. The chips are already being used by OpenAI (OPAI.PVT), and Amazon (AMZN) has said it will begin using the company’s technology as well, per Bloomberg.

“Fast inference will be a fundamental part of the inference market. We have a shot to take a meaningful portion of it. We have to execute. We have a great deal of work ahead of us,” CEO Andrew Feldman said. Thu, May 14, 2026 at 2:50 PM UTC

Jake Conley

William Blair: China's chokehold on the rare earth market is 'comparable to Iran's hold over the Strait of Hormuz'

China’s chokehold on the global supply of rare earth materials is “comparable to Iran’s hold over the Strait of Hormuz,” according to William Blair analysts Neal Dingmann and Bert Donnes.

As President Trump meets with Chinese leader Xi Jinping in Beijing this week, rare earths are expected to be among the several topics discussed by the leaders of the world’s largest economies.

Rare earths, critical throughout industries including weapons manufacturing, batteries, and EV development, have become the focal point of a tit-for-tat escalation of trade maneuvers between Washington and Beijing.

China currently controls 70% of mining capacity, 90% of separation capacity, and around 92% of oxide and magnate production for rare earth minerals and metals worldwide, according to the Center for Strategic and International Studies.

“We view China’s current hold on worldwide rare earths and its ability to halt supply whenever it deems advantageous as comparable to Iran’s hold over the Strait of Hormuz,” Dingmann and Donnes said. Thu, May 14, 2026 at 2:35 PM UTC

Jake Conley

BofA: The 'K-shaped' economy is showing up in Americans' travel spending data

As the war in Iran sends gasoline and jet fuel prices surging, the “K-shaped economy” is showing up in Americans’ travel spending, according to Bank of America economists Liz Krisberg and David Tinsley.

While the war in Iran has only pushed about 10% of Americans to outright cancel a trip, higher-income Americans are spending more on travel at a faster rate than middle- and lower-income Americans, the economists said.The ""K-shaped"" economy is showing up in Americans' travel plans, according to Bank of America spending data.·Bank of America

Where middle- and upper-income travel spending is increasing, 40% of lower-income households have no travel plans, and travel-related spending activity is down year over year for the income cohort, according to BofA data.

And while most Americans aren’t canceling trips due to the war-driven price increases, many are looking to take fewer trips or cut back on items like accommodations — even as overall spending continues to largely hold up. Thu, May 14, 2026 at 1:51 PM UTC

Jake Conley

Initial jobless claim rise to 211,000, exceeding estimates

Initial jobless claims rose to 211,000 in the week ended May 9, according to data released by the Department of Labor on Thursday, coming in above the previous week's revised tally of 199,000 first-time claims.

Economists had expected initial claims to be slightly lower at 205,000 for the week, according to consensus estimates compiled by Bloomberg. The four-week moving average of initial claims ticked up to 203,750 from the previous week’s 203,000 revised average.

Continuing claims, which track the unemployed population still seeking work, rose to roughly 1.78 million in the week ended May 2, compared to the previous week’s revised count of roughly 1.76 million continuing claims.

Economists had been looking for 1.78 million continuing claims. Thu, May 14, 2026 at 1:50 PM UTC

Jake Conley

US stock market opens in the green on Thursday as Trump and Xi meet

The US stock market opened into the green on Thursday after President Trump and Chinese leader Xi Jinping concluded their first major sit-down in a high-stakes US-China summit.

The Dow Jones Industrial Average (^DJI) rose 0.8%, while the S&P 500 (^GSPC) and tech-heavy Nasdaq Composite (^IXIC) each climbed 0.3% following a record-setting Wednesday for Wall Street stocks.

SNP - Delayed Quote•USD

(^GSPC)

Follow  View Quote Details

7,408.50 -92.74 (-1.24%)

At close: May 15 at 4:46:05 PM EDT  ^GSPC^DJI ^IXIC

Advanced Chart

Several leading American CEOs joined the US president on the trip, including Tesla’s (TSLA) Elon Musk and Nvidia’s (NVDA) Jensen Huang. Xi reportedly told the group that their companies could be “deeply involved in China's reform and opening up” and that “China's door will only open wider.”

Nvidia shares rose more than 2% Thursday morning on news that the US had approved H200 chip sales to several Chinese companies.

Cisco (CSCO) shares soared after its quarterly earnings beat expectations, and the networking giant laid out an AI-focused restructuring plan that will cut around 4,000 jobs. Klarna Group (KLAR) also popped after the company said it swung to a $1 million profit on the first quarter from a $99 million loss a year earlier. Thu, May 14, 2026 at 1:05 PM UTC

Jake Conley

Xi Jinping tells CEOs that 'China's door will only open wider'

Chinese President Xi Jinping warmly welcomed a delegation of US CEOs on hand in Beijing for the two-day US-China summit as President Trump looks to extend US business interests in China.

Our Washington correspondent Ben Werschkul reports:

The business leaders were on hand for an arrival ceremony and a portion of a bilateral meeting held in China's Great Hall of the People, where Trump proceeded to introduce them to Xi ""one by one,"" according to Chinese state media.

Xi reportedly responded to US desires to do more business in China by saying the companies could be “deeply involved in China's reform and opening up” and that “China's door will only open wider.”

The outreach received a positive reaction from the CEOs with Tesla’s (TSLA) Elon Musk, Nvidia's (NVDA) Jensen Huang, and Apple's (AAPL) Tim Cook all spotted by reporters leaving in good spirits.

“It was awesome,” Musk said when asked how his talks with Xi went.

Xi has offered similar promises in years past — often to little avail — but it was nonetheless a striking message from the Chinese leader to begin the two-day visit and echoed a message Trump himself has been delivering ahead of the trip.

Read more here. Thu, May 14, 2026 at 12:46 PM UTC

Jake Conley

Trump-Xi summit offers little movement on the war in Iran

In a closed-door meeting between the leaders of the world’s largest economies on Thursday, President Trump and Chinese leader Xi Jinping agreed the Strait of Hormuz must be reopened and remain free of any future militarization or tolling.

Yet, beyond broad diplomatic statements, the first major sit-down between Trump and Xi appears to have yielded little progress on the war in Iran and no firm commitments from China, even as the White House had hoped to pressure Beijing into providing more aid.

“I suspect the US would like to use the Trump-Xi meeting to push China to pressure Iran back to the negotiating table,” Jorge León, head of geopolitical analysis at Rystad Energy, told Yahoo Finance.

“But unless China sees a clear benefit in doing so — for example, avoiding a much more severe energy shock or securing concessions from Washington — I doubt Beijing will be eager to fully exercise that leverage.”

Read more here. Thu, May 14, 2026 at 12:07 PM UTC

Grace O'Donnell

Cisco stock jumps on booming AI orders, job cuts

Yahoo Finance’s Ines Ferre reports:

Cisco (CSCO) stock jumped more than 15% in premarket trading on Thursday after the networking giant issued a stronger-than-expected revenue outlook and cut thousands of jobs as it sharpens its focus on artificial intelligence.

Cisco’s fiscal fourth quarter revenue outlook of $16.7 billion to $16.9 billion came in well above Wall Street expectations of roughly $15.8 billion.

CEO Chuck Robbins said the workforce reductions are part of a broader effort to position Cisco for the AI era. The layoffs are expected to impact fewer than 4,000 employees, or under 5% of the company’s workforce.

Read more here. Thu, May 14, 2026 at 10:55 AM UTC

Karen Friar

The S&P 500's earnings boom is facing a bond market warning

Stocks are hitting records as earnings surge. Meanwhile, bonds are competing harder for investor cash, Yahoo Finance’s Jared Blikre writes in today’s Chart of the Day.

He writes:
The S&P 500 (^GSPC) is in the middle of one of its strongest earnings seasons in decades, with profit growth accelerating, beat rates running hot, and analysts lifting future estimates instead of cutting them.

Profits are strong enough to justify the record highs that stocks keep hitting.

But the bond market is making that climb harder.

The chart below shows the S&P 500’s realized earnings yield minus the 10-year Treasury yield (^TNX), a version of a bond-stock valuation gauge recently highlighted by the Kobeissi Letter.The 10-year Treasury now pays more than S&P 500 earnings·Bloomberg, Yahoo Finance

… Right now, the S&P 500’s realized earnings yield is roughly 3.4%, below the 10-year Treasury yield near 4.5%. That leaves the gap at roughly negative 110 basis points — or 1.1 percentage points — the widest negative reading since 2003.

Read more here about what that could mean. Thu, May 14, 2026 at 9:42 AM UTC

Karen Friar

Xi tells US CEOs accompanying Trump that China will open up more

From Bloomberg:

Xi Jinping signaled China is moving toward greater openness, striking an upbeat note during his meeting with US business leaders accompanying Donald Trump as the two presidents wrapped up morning talks that featured more divisive issues like trade and Taiwan.

“American enterprises are deeply involved in China’s reform and opening up, a process from which both sides have benefited,” Xi told more than 10 business representatives gathered at the Great Hall of the People in Beijing, China Central Television reported. “China’s door to the outside world will only open wider.”Apple CEO Tim Cook, Tesla CEO Elon Musk, U.S. Defense Secretary Pete Hegseth and U.S. Treasury Secretary Scott Bessent at the welcome ceremony in Beijing. (REUTERS/Maxim Shemetov)·REUTERS / REUTERS

Footage released by the state broadcaster showed executives including Tesla Inc.’s (TSLA) Elon Musk, Apple Inc.’s (AAPL) Tim Cook, Boeing Co.’s (BA) Kelly Ortberg and Nvidia Corp.’s (NVDA) Jensen Huang — who joined the trip as a last-minute addition — escorted by staff into the meeting room.

The message sent by Xi reiterated a pledge frequently delivered by senior Chinese officials on the world stage over the years. It also appeared to be a response to Trump’s appeal to Xi “to ‘open up’ China,” which he’d promised to make as his first request on behalf of the business leaders accompanying him to Beijing.

In his remarks on Thursday, Xi added that he believes US firms will have even broader prospects in China, CCTV reported.

Read more here. Thu, May 14, 2026 at 2:40 AM UTC

Rian Howlett

Oil steadies ahead of highly-watched Trump-Xi meeting

Bloomberg reports:

Oil steadied ahead of a meeting between US President Donald Trump and his Chinese counterpart Xi Jinping, which is being held against the backdrop of the Iran war that shows no signs of a near-term resolution.

West Texas Intermediate (CL=F) traded near $101 a barrel after declining 1.1% in the previous session. Brent (BZ=F) crude closed below $106. Trump is scheduled to meet Xi on Thursday, and the US leader told reporters this week that trade talks will be prioritized rather than discussions about the Middle East conflict.

The war has led to global oil inventories shrinking at a record pace, and the market will remain “severely undersupplied” until October even if the conflict ends next month, according to the International Energy Agency. Ahead of the Trump-Xi summit, the US threatened banks and sanctioned more entities over the sale of Iranian oil to China, the biggest buyer of its crude.

The flow of crude and fuels through the crucial Strait of Hormuz fell by nearly 6 million barrels per day in the first quarter, following the start of hostilities at the end of February, according to the Energy Information Administration. Only a trickle of tankers have been able to exit the Persian Gulf during the war.

Read more here.

View Comments",https://finance.yahoo.com/news/live/stock-market-today-dow-retakes-50000-level-sp-500-and-nasdaq-surge-to-fresh-records-as-ai-trade-roars-back-223230929.html,"['0700.US', 'AAPL.US', 'AMZN.US', 'BABA.US', 'CAT.US', 'CBRS.US', 'CSCO.US', 'DJI.INDX', 'GSPC.INDX', 'HMC.US', 'IXIC.INDX', 'MSFT.US', 'NVDA.US', 'TSLA.US']","['AI', 'EARNINGS', 'FOURTH QUARTER', 'INITIAL PUBLIC OFFERING', 'IPO', 'QUARTERLY EARNINGS', 'RESTRUCTURING', 'US-CHINA-RELATIONS']",0.997,0.05,0.872,0.078
2026-05-13T22:00:21+00:00,Here are the major earnings before the open Thursday,"Major earnings expected before the bell on Thursday include:

 	* Canadian Solar (CSIQ [https://seekingalpha.com/symbol/CSIQ])
 	* Bullish (BLSH [https://seekingalpha.com/symbol/BLSH])
 	* Intuitive Machines (LUNR [https://seekingalpha.com/symbol/LUNR])
 	* Ondas (ONDS [https://seekingalpha.com/symbol/ONDS])
 	* Brookfield Corporation (BN [https://seekingalpha.com/symbol/BN])

Other earnings slated for release before Thursday's open include:

 	* AIRO [https://seekingalpha.com/symbol/AIRO], AUTL [https://seekingalpha.com/symbol/AUTL], AVAH [https://seekingalpha.com/symbol/AVAH], BKTI [https://seekingalpha.com/symbol/BKTI], BTDR [https://seekingalpha.com/symbol/BTDR], CBWTF [https://seekingalpha.com/symbol/CBWTF], CLBT [https://seekingalpha.com/symbol/CLBT], CLRB [https://seekingalpha.com/symbol/CLRB], CRMD [https://seekingalpha.com/symbol/CRMD], DSVSF [https://seekingalpha.com/symbol/DSVSF], FRMI [https://seekingalpha.com/symbol/FRMI], FRMM [https://seekingalpha.com/symbol/FRMM], GOOS [https://seekingalpha.com/symbol/GOOS], GROW [https://seekingalpha.com/symbol/GROW], GWRS [https://seekingalpha.com/symbol/GWRS], HMC [https://seekingalpha.com/symbol/HMC], HNHPF [https://seekingalpha.com/symbol/HNHPF], HYPD [https://seekingalpha.com/symbol/HYPD], IMSR [https://seekingalpha.com/symbol/IMSR], INVZ [https://seekingalpha.com/symbol/INVZ], IPWR [https://seekingalpha.com/symbol/IPWR], ISSC [https://seekingalpha.com/symbol/ISSC], IVVD [https://seekingalpha.com/symbol/IVVD], KEYUF [https://seekingalpha.com/symbol/KEYUF], KLAR [https://seekingalpha.com/symbol/KLAR], KPTI [https://seekingalpha.com/symbol/KPTI], LIVE [https://seekingalpha.com/symbol/LIVE], NGG [https://seekingalpha.com/symbol/NGG], NINE [https://seekingalpha.com/symbol/NINE], NVMI [https://seekingalpha.com/symbol/NVMI], QTRHF [https://seekingalpha.com/symbol/QTRHF], SPCB [https://seekingalpha.com/symbol/SPCB], VIK [https://seekingalpha.com/symbol/VIK], VSNT [https://seekingalpha.com/symbol/VSNT], WWW [https://seekingalpha.com/symbol/WWW], WYFI [https://seekingalpha.com/symbol/WYFI], XTIA [https://seekingalpha.com/symbol/XTIA], YETI [https://seekingalpha.com/symbol/YETI] 
 	* For Seeking Alpha's full earnings season calendar, click here [https://seekingalpha.com/earnings/earnings-calendar].

",https://seekingalpha.com/news/4592231-here-are-the-major-earnings-before-the-open-thursday?utm_source=feed_news_all&amp;utm_medium=referral&amp;feed_item_type=news,"['AIRO.US', 'AUTL.US', 'AVAH.US', 'BKTI.US', 'BLSH.US', 'BN.US', 'BTDR.US', 'CBWTF.US', 'CLBT.US', 'CLRB.US', 'CRMD.US', 'CSIQ.US', 'DSVSF.US', 'FRMI.US', 'FRMM.US', 'GOOS.US', 'GROW.US', 'GWRS.US', 'HMC.US', 'HNHPF.US', 'HYPD.US', 'IMSR.US', 'INVZ.US', 'IPWR.US', 'ISSC.US', 'IVVD.US', 'KEYUF.US', 'KLAR.US', 'KPTI.US', 'LIVE.US', 'LUNR.US', 'NGG.US', 'NINE.US', 'NVMI.US', 'ONDS.US', 'QTRHF.US', 'SPCB.US', 'VIK.US', 'VSNT.US', 'WWW.US', 'WYFI.US', 'XTIA.US', 'YETI.US']","['EARNINGS', 'EARNINGS NEWS']",0.0,0.0,1.0,0.0
2026-05-13T08:02:00+00:00,"Embodied AI Robot Large Model (Including VLA) Research Report 2026: World Models Are About to Become Standard, and OEMs Enter and Accelerate Mass Production and Application","Company Logo

Dublin, May 13, 2026 (GLOBE NEWSWIRE) -- The ""Embodied AI Robot Large Model (Including VLA) Research Report, 2026"" report has been added to  ResearchAndMarkets.com's offering.

Research on Robot Large Models: World Models Are About to Become Standard, and OEMs Enter and Accelerate Mass Production and Application

The analyst has released the Embodied AI Robot Large Model (Including VLA) Research Report, 2026, which focuses on the research, analysis, and summary of the following content:

The basic concepts, industrial ecosystem map, multi-dimensional classification (application scope, capability modality, architecture), industry development drivers, key technology development directions, and commercialization modes of Embodied AI robot large models;

The layout planning, team building, core talents, large model products and their applications, detailed introduction and implementation status of Embodied AI robot large model products, Embodied AI ecosystem partners, and recent key dynamics of 11 tech giants in the Embodied AI robot field, including Alibaba Group, NVIDIA, Google DeepMind, OpenAI, Microsoft, Huawei, Tencent RoboticsX, Baidu, ByteDance, iFlytek, and SenseTime;

The profile, development history and planning, robot products and large model installation, detailed introduction of self-developed large models, large model ecosystem cooperation, and recent key dynamics of 10 well-known robot enterprises, including UBTECH Robotics, Unitree Robotics, AgiBot, Leju Robotics, Galbot, RobotEra, FigureAI, Sanctuary AI, 1X Technologies, and Neura Robotics;

The layout planning, team building, core talents, robot products and large model installation, summary of large model products, detailed introduction of Embodied AI robot large model products, Embodied AI ecosystem partners, and recent key dynamics of 11 OEMs in the Embodied AI robot field, including Tesla, Toyota, Honda, Hyundai, Xiaomi, XPeng, GAC Group, Chery, Leapmotor, BYD, and Dongfeng Motor. In addition, this report summarizes the layout of 13 other global OEMs in Embodied AI robot field.

Embodied AI robot large models (""robot large models"" for short) can make end-to-end or hierarchical decisions compared with traditional robot control algorithms, without the need for precise modeling, and can operate in unstructured and open environments (families, outdoors, cluttered desktops). Compared with general large models, Embodied AI robot large models pay more attention to the fusion and understanding of multi-modal information (vision + lidar + touch + text, etc.), aiming to complete closed-loop actions in the physical world and output motion commands such as joint angles, speeds, and grasping forces.

In recent years, Embodied AI robot large model field has shown the following development trends:

Story Continues

Embodied AI Players Have Begun to Apply World Models

Currently, robot large models represented by Vision-Language-Action (VLA) models have made significant progress in the ""perception-decision-execution"" closed loop, enabling robots to understand instructions and generate actions. However, such models still face bottlenecks in coping with the high diversity and uncertainty of physical world. In essence, they are more like ""imitating"" patterns in training data, lacking the foresight of action consequences and the understanding of physical logic.

Driving forces for the application of world models mainly come from three aspects:

Solving the data bottleneck: The collection of high-quality real robot data is extremely costly and limited in scale, having become a core constraint on capability upgrading. World models can serve as powerful ""data generators"" and ""simulation engines"", generating massive, controllable, and high-fidelity synthetic training scenarios, and greatly reducing the reliance on expensive real robot data.

Improving decision and generalization capabilities: Through prediction and deduction, world models enable robots to have a certain degree of causal reasoning and physical intuition, capable of handling new scenarios and new objects not seen in training, and achieving ""learning by analogy"".

Realizing the collaborative evolution of ""cerebrum"" and ""cerebellum"": The industry consensus is that future robots' intelligence will be the result of collaborative evolution of the ""cerebrum"" (high-level cognition and planning) and the ""cerebellum"" (low-level motion control). As a key component of the high-level ""cerebrum"", the world model forms a complementary relationship with execution-oriented models such as VLA, jointly constituting a complete intelligent system.

Robot Large Models Achieve Cross-Platform Applications

In traditional robot development mode, the software and algorithms of each robot need to be specially developed and optimized for its unique hardware configuration (sensors, actuators, form), leading to high R&D costs, long cycles, and non-reusable capabilities. The cross-platform application of robot large models can break this drawback. By building a powerful end-to-end multi-modal foundation model, it implants transferable general intelligence into robots, enabling them to cross the limitations of different ontologies (such as humanoid, quadruped, robotic arm), different tasks and different environments, and realize rapid generalization and deployment of capabilities.

Starting from 2025, robot large models such as NVIDIA's GR00T series, Google DeepMind's Gemini Robotics, Microsoft's Rho-alpha, Huawei's CloudRobo, and RobotEra's ERA-42 all support cross-robot platform development and cross-scenario applications.

An Increasing Number of Robot Large Models Are Open-Sourced

The open-sourcing of large models is not a simple technical sharing. Open-source models gather the wisdom of global developers and can quickly overcome complex ""long-tail problems"" in the physical world. At the same time, open-sourcing breaks traditional closed-source business mode, allowing small and medium-sized enterprises to quickly develop based on open-source models, focus resources on hardware innovation and implementation in scenarios, and form an industrial pattern of ""giants build the platform, and hundreds of enterprises perform on it"".

The core of open-sourcing is to lower the R&D threshold, accelerate technological iteration, build ecosystem barriers, promote large-scale implementation, and form a positive flywheel of ""open-source - ecosystem - data - more powerful models"".

OEMs Enter the Market to Solve the Scarcity of Real Data for Embodied AI Robot Large Models and Provide Field Verification Scenarios

The entry of multiple OEMs into the Embodied AI and humanoid robot track brings massive industrial scenario data, automotive-grade sensor data and a mature autonomous driving technology stack to Embodied AI large models (VLA, world models, etc.). Algorithms such as BEV perception, multi-modal fusion, and end-to-end decision can be directly migrated to robots to train and improve environmental understanding, task planning and motion control capabilities of models. The production line scenarios of OEMs can verify the reliability and success rate of robot large models, expose model defects at the same time, provide high-reliable real robot interaction data for future model correction, and effectively narrow the large gap between simulation and reality.

In addition, OEMs introduce automotive-grade safety standards and hardware collaborative design into robots, greatly optimizing the reasoning delay, reliability and implementation efficiency of large models; the core supply chains of automobiles and robots (batteries, motors, sensors, domain controllers, etc.) have a high degree of overlap. Some institutions estimate that the overlap rate exceeds 50%. The scale effect greatly reduces the cost of core hardware, and the model deployment cost also decreases synchronously.

Key Topics Covered:

1 Overview of Embodied AI Robot Large Models and Key Technology Development Directions
1.1 Core Definitions of Embodied AI Robot Large Models
1.2 Global Industrial Ecosystem Map of Embodied AI Robot Large Models
1.3 Classification of Embodied AI Robot Large Models
1.4 Industry Development Drivers of Embodied AI Robot Large Models
1.5 Key Technology Development Directions of Embodied AI Robot Large Models
1.6 Commercialization Modes of Embodied AI Robot Large Models

2 Global Major Players and Products: Tech Giant Camp
2.1 Summary of Typical Embodied AI Large Model Products of Tech Giants (1)-(3)
2.2 Alibaba Group
2.3 NVIDIA
2.4 Google DeepMind
2.5 OpenAI
2.6 FOURIER
2.7 Huawei
2.8 Tencent RoboticsX
2.9 Baidu
2.10 ByteDance
2.11 iFlytek
2.12 SenseTime

3 Global Major Players and Products: Robot Enterprise Camp
3.1 Summary of Typical Embodied AI Large Model Products of Robot Enterprises (1)-(3)
3.2 UBTECH Robotics(UBTECH)
3.3 Unitree Robotics
3.4 AgiBot
3.5 Leju Robotics
3.6 Galbot
3.7 RobotEra
3.8 FigureAI
3.9 Sanctuary AI
3.10 1X Technologies
3.11 Neura Robotics

4 Global Major Players and Products: Cross-Border OEMs Camp
4.1 Summary of Typical Embodied AI Large Model Products of OEMs (1)-(4)
4.2 Tesla
4.3 Toyota
4.4 Honda
4.5 Hyundai
4.6 Xiaomi
4.7 XPeng
4.8 Synapath AI
4.9 Chery
4.10 Leapmotor
4.11 BYD
4.12 Dongfeng Motor
4.13 Summary of Global Other Main OEMs' Layout in the Embodied AI Robot Field (1)-(4)

For more information about this report visit https://www.researchandmarkets.com/r/mssd50

About ResearchAndMarkets.com
ResearchAndMarkets.com is the world's leading source for international market research reports and market data. We provide you with the latest data on international and regional markets, key industries, the top companies, new products and the latest trends.

CONTACT: CONTACT: ResearchAndMarkets.com Laura Wood,Senior Press Manager press@researchandmarkets.com For E.S.T Office Hours Call 1-917-300-0470 For U.S./ CAN Toll Free Call 1-800-526-8630 For GMT Office Hours Call +353-1-416-8900

View Comments",https://finance.yahoo.com/news/embodied-ai-robot-large-model-080200398.html,"['1GOOG.MI', '1GOOGL.MI', '1NVDA.MI', '2RR.F', '9988.HK', 'ABE0.F', 'ABEA.F', 'ABEC.F', 'AHLA.F', 'BABA.US', 'BABA34.SA', 'BABAF.US', 'BABAN.MX', 'GOGL34.SA', 'GOGL35.SA', 'GOOG.MX', 'GOOG.US', 'GOOGL.BA', 'GOOGL.MX', 'GOOGL.SN', 'GOOGL.US', 'HMC.US', 'MSFT.US', 'NVD.DU', 'NVD.F', 'NVD.HA', 'NVD.HM', 'NVDA.MX', 'NVDA.US', 'NVDC34.SA', 'NVDG.F', 'TSLA.US']","['AI', 'INDUSTRIAL-AUTOMATION', 'MARKET RESEARCH REPORTS', 'ROBOTICS']",0.997,0.014,0.921,0.065
2026-05-11T20:17:29+00:00,Assessing Honda Motor (TSE:7267) Valuation After Recent Share Weakness And Mixed Fair Value Signals,"Find your next quality investment with Simply Wall St's easy and powerful screener, trusted by over 7 million individual investors worldwide.

Recent share performance and earnings backdrop

Honda Motor (TSE:7267) has seen its stock decline about 1% over the past month and about 25% over the past 3 months, putting recent share performance in focus for investors.

This weaker stretch sits alongside reported annual revenue of ¥21.34b and net income of ¥496.01b, supported by annual revenue growth of 2.93% and net income growth of 40.21% based on the latest figures provided.

See our latest analysis for Honda Motor.

Looking beyond the recent pullback, the stock’s 1-year total shareholder return of 11.83% and 5-year total shareholder return of 41.57% suggest the longer term picture has been more supportive even as short term share price momentum has faded.

If Honda’s recent volatility has you reassessing your watchlist, this can be a good moment to broaden your search with 33 robotics and automation stocks

With the stock down over the past year despite reported revenue of ¥21.34b and net income of ¥496.01b, should you see Honda as undervalued today, or is the market already pricing in any future growth?

Most Popular Narrative: 21% Undervalued

Honda’s most followed valuation narrative points to a fair value of ¥1,579.05 per share, compared with a last close of ¥1,251. This frames the current pullback in a different light.

Persistent investment in mobility services and partnerships in advanced technologies (including collaborations with GM, Sony, and exploration of ADAS/OTA solutions) is setting the stage for Honda to access new high-margin revenue streams beyond traditional car sales, fostering long-run earnings growth and margin enhancement as the mobility industry evolves.

Read the complete narrative.

Curious what kind of revenue mix and profitability shift sits behind that conclusion? The narrative leans on specific growth, margin and valuation assumptions that could surprise you.

Result: Fair Value of ¥1,579.05 (UNDERVALUED)

Have a read of the narrative in full and understand what's behind the forecasts.

However, investors should keep in mind that continued EV related losses and pressure on automobile margins in key markets could undermine the view that the stock is underpriced.

Find out about the key risks to this Honda Motor narrative.

Another View: Cash Flows Paint A Tougher Picture

While the popular narrative points to fair value of ¥1,579.05 and an undervalued stock, the SWS DCF model tells a cooler story. Future cash flows indicate a value of about ¥1,115.76 per share, which sits below the current price of ¥1,251 and suggests Honda may be overvalued on this measure. Which lens do you trust more when cash flow and narrative do not quite align?

Story Continues

Look into how the SWS DCF model arrives at its fair value.7267 Discounted Cash Flow as at May 2026

Simply Wall St performs a discounted cash flow (DCF) on every stock in the world every day (check out Honda Motor for example). We show the entire calculation in full. You can track the result in your watchlist or portfolio and be alerted when this changes, or use our stock screener to discover 15 high quality undervalued stocks. If you save a screener we even alert you when new companies match - so you never miss a potential opportunity.

Next Steps

Mixed signals on value and risk so far? Take a moment to look through the full set of data, then weigh the 4 key rewards and 3 important warning signs.

Looking for more investment ideas?

If Honda has you rethinking your next move, do not stop here. Broaden your watchlist with a few focused stock ideas built from clear fundamentals.

Target reliable income by scanning for companies with strong payouts and balance sheets using the 37 dividend fortresses. Hunt for potential bargains that combine quality and price discipline with the 15 high quality undervalued stocks. Strengthen your downside protection by reviewing companies that score well on resilience through the 47 resilient stocks with low risk scores.

This article by Simply Wall St is general in nature. We provide commentary based on historical data and analyst forecasts only using an unbiased methodology and our articles are not intended to be financial advice. It does not constitute a recommendation to buy or sell any stock, and does not take account of your objectives, or your financial situation. We aim to bring you long-term focused analysis driven by fundamental data. Note that our analysis may not factor in the latest price-sensitive company announcements or qualitative material. Simply Wall St has no position in any stocks mentioned.

Companies discussed in this article include 7267.T.

Have feedback on this article? Concerned about the content? Get in touch with us directly. Alternatively, email editorial-team@simplywallst.com

View Comments",https://finance.yahoo.com/markets/stocks/articles/assessing-honda-motor-tse-7267-201729279.html,"['7267.US', 'HDMA.F', 'HMC.US', 'HNDAF.US', 'HOND34.SA']","['AUTOMOBILES', 'CASH-FLOW-ANALYSIS', 'DISCOUNTED CASH FLOW', 'EARNINGS GROWTH', 'MOBILITY-SERVICES', 'NET INCOME', 'REVENUE GROWTH', 'REVENUE-GROWTH', 'SHARE PRICE', 'SHAREHOLDER', 'VALUATION']",0.997,0.033,0.832,0.136
2026-05-11T13:23:00+00:00,"Business Jet Industry Report 2026: Size, Share, Trends, Opportunities, &amp; Forecasts 2020-2030 Featuring Bombardier, Gulfstream, Dassault, Textron, Embraer, Honda, Pilatus, Boeing, Airbus, Cirrus","Company Logo

The Global Business Jet Market is poised for growth driven by increasing demand from high-net-worth individuals and corporations seeking private, efficient travel solutions. Key opportunities lie in sustainable aviation trends and expanding the market's footprint in emerging regions, despite supply chain challenges.

Business Jet MarketBusiness Jet Market·GlobeNewswire Inc.

Dublin, May 11, 2026 (GLOBE NEWSWIRE) -- The ""Business Jet Market - Global Industry Size, Share, Trends, Opportunity, & Forecast, 2020-2030"" has been added to  ResearchAndMarkets.com's offering.

The Global Business Jet Market, valued at USD 28.40 Billion in 2024, is projected to experience a CAGR of 6.84% to reach USD 42.25 Billion by 2030

A business jet is a jet aircraft primarily designed for transporting small groups of individuals, often corporate executives, offering flexible scheduling, direct access to numerous airports, and a secure, productive inflight environment. The global business jet market's growth is largely propelled by the increasing demand from high-net-worth individuals and corporations prioritizing efficient, discreet travel solutions.

Key Market Drivers

The primary drivers propelling the Global Business Jet Market include the increasing population of high-net-worth and ultra-high-net-worth individuals and the growing demand for corporate and executive travel efficiency. The expansion of the high-net-worth population directly fuels demand as these individuals seek bespoke travel solutions offering privacy, security, and time savings that commercial aviation cannot provide. According to The Knight Frank Wealth Report 2024, released in February 2024, the number of ultra-high-net-worth individuals globally rose 4.2% in 2023 to 626,619 from 601,300 a year earlier, indicating a robust client base for business jet acquisitions and usage.

Key Market Challenges

Persistent global supply chain issues represent a substantial challenge hampering the growth of the global business jet market. These difficulties directly impede the availability of essential components and prolong manufacturing timelines, thereby constraining the production capabilities of aircraft manufacturers. The consequence is extended lead times for new aircraft deliveries, which can result in delayed customer acquisition and potentially deferred investment decisions by high-net-worth individuals and corporations seeking efficient travel solutions. Despite consistent demand, the industry's capacity to fully leverage market opportunities is restricted by these logistical impediments.

Story Continues

Key Market Trends

Increased adoption of sustainable aviation practices reflects a growing industry commitment to reducing business jet operations' environmental impact. Operators and manufacturers increasingly invest in Sustainable Aviation Fuel (SAF) and explore alternative propulsion. This shift influences purchasing, favoring aircraft capable of utilizing SAF or those designed for greater fuel efficiency. According to the International Air Transport Association (IATA), sustainable aviation fuel production was projected to triple in 2024 to 1.9 billion liters, indicating a significant industry ramp-up.

Key Attributes:

Report Attribute Details No. of Pages 180 Forecast Period 2024 - 2030 Estimated Market Value (USD) in 2024 $28.4 Billion Forecasted Market Value (USD) by 2030 $42.25 Billion Compound Annual Growth Rate 6.8% Regions Covered Global

Report Scope:

Key Market Players Profiled:

Bombardier Gulfstream Dassault Textron Embraer Honda Aircraft Pilatus Boeing Airbus Cirrus

By Jet Type:

Light Medium Large

By System Type:

Propulsion Avionics Aero Structure Cabin Interiors Others

By End User:

Private Operators

By Region:

North America Europe Asia Pacific South America Middle East & Africa

For more information about this report visit https://www.researchandmarkets.com/r/wngfuz

About ResearchAndMarkets.com
ResearchAndMarkets.com is the world's leading source for international market research reports and market data. We provide you with the latest data on international and regional markets, key industries, the top companies, new products and the latest trends.

Attachment

Business Jet Market

CONTACT: CONTACT: ResearchAndMarkets.com Laura Wood,Senior Press Manager press@researchandmarkets.com For E.S.T Office Hours Call 1-917-300-0470 For U.S./ CAN Toll Free Call 1-800-526-8630 For GMT Office Hours Call +353-1-416-8900

View Comments",https://finance.yahoo.com/sectors/technology/articles/business-jet-industry-report-2026-132300271.html,"['0IAX.IL', '0KVV.IL', '1AIR.MI', 'AIR.F', 'AIR.MC', 'AIR.PA', 'AIRA.F', 'AIRA.MU', 'AM.PA', 'AMN.US', 'BA.BA', 'BA.MX', 'BA.US', 'BBD-A.TO', 'BBD-B.TO', 'BBD-PB.TO', 'BBD-PC.TO', 'BBD-PD.TO', 'BBD.F', 'BBDC.F', 'BCO.DU', 'BCO.F', 'BCO.HA', 'BCO.HM', 'BCO.MU', 'BDRAF.US', 'BDRBF.US', 'BDRPF.US', 'BDRXF.US', 'BOEI34.SA', 'BOMBF.US', 'DAU0.F', 'DUAVF.US', 'EADSF.US', 'EADSY.US', 'EMBJ.US', 'EMY.F', 'HCQ.MU', 'HDMA.F', 'HMC.US', 'HNDAF.US', 'HOND34.SA', 'TXT.DU', 'TXT.F', 'TXT.MU', 'TXT.MX', 'TXT.US']","['AVIATION', 'MARKET RESEARCH REPORTS', 'SUPPLY-CHAIN-ISSUES', 'SUSTAINABLE-AVIATION']",0.997,0.025,0.826,0.149
2026-05-11T11:51:00+00:00,"Business Jet Industry Forecast Report 2026: A $29.15 Billion Market by 2034 Featuring Airbus, Bombardier, Dassault Aviation, Embraer, General Dynamic, Honda, Pilatus Aircraft, and Textron","Company Logo

The business jet market is poised for significant growth, reaching $29.15 billion by 2034, driven by increasing demand for private and corporate air travel. Key factors include the need for time-efficient travel, rising high-net-worth individuals, and technological advancements in aircraft. Trends such as fractional ownership and charter services are making private aviation more accessible. Challenges like high operational costs and regulatory compliance persist, but the market remains competitive, with strong contributions from major players like Bombardier and Embraer.

Business Jet MarketBusiness Jet Market·GlobeNewswire Inc.

Dublin, May 11, 2026 (GLOBE NEWSWIRE) -- The ""Business Jet Market Report by Type, Business Model, System Analysis, Countries and Company Analysis 2026-2034"" report has been added to  ResearchAndMarkets.com's offering.

Business Jet Market is expected to reach US$ 29.15 billion by 2034 from US$ 20.82 billion in 2025, with a CAGR of 3.81% from 2026 to 2034

The market is growing steadily, driven by increasing demand for private and corporate air travel. Factors such as the need for time-efficient travel, rising high-net-worth individuals, and advancements in aircraft technology are boosting market adoption. Additionally, trends like fractional ownership and charter services are expanding accessibility and market growth. 

This sector has grown significantly due to globalization, increasing corporate travel requirements, and the rising number of high-net-worth individuals seeking personalized, efficient air mobility.

Business jets are typically categorized by size and range into very light jets (VLJs), light jets, mid-size jets, super mid-size jets, and large-cabin jets. Each category targets different market segments - from first-time private jet users and small businesses to multinational corporations and governments requiring long-range, high-capacity aircraft. The versatility of business jets allows for not only passenger travel but also specialized uses such as medical evacuation, cargo transport, and governmental or military applications.

Technological advancements have played a crucial role in shaping the industry. Modern business jets are equipped with advanced avionics, fuel-efficient engines, and enhanced safety systems, while innovations in cabin design focus on comfort, connectivity, and productivity during flights. Additionally, sustainability is becoming a central theme, with manufacturers exploring hybrid propulsion, sustainable aviation fuels, and noise-reduction technologies to address environmental concerns and regulatory pressures.

The business jet market is highly competitive, dominated by major manufacturers from the United States and Europe, though emerging players in Asia are increasingly entering the space. Market growth is supported by factors such as fractional ownership programs, jet card services, and charter operations, which make private aviation more accessible to a broader customer base.

Challenges in the industry include high operating costs, regulatory compliance, and economic fluctuations that affect corporate travel budgets. However, the flexibility, convenience, and time-saving benefits of business jets continue to drive demand. With globalization, increasing corporate mobility, and evolving technology, the business jet industry remains a critical segment of private and corporate aviation, poised for sustained growth in the coming years.

Growth Drivers for the Business Jet Market

Story Continues

Rising Demand for Time-Efficient Travel

One of the primary drivers of the business jet market is the increasing need for time-efficient travel. In today's fast-paced global economy, executives and high-net-worth individuals prioritize flexibility and convenience over commercial airline schedules. Business jets allow travelers to avoid layovers, long security lines, and crowded airports, enabling direct flights to destinations often underserved by commercial carriers. This is particularly valuable for multinational corporations with frequent international operations, where reducing travel time can translate into increased productivity and faster decision-making.

Moreover, high-net-worth individuals increasingly seek private travel for personal, leisure, or family reasons, creating a steady demand for customized flight solutions. The ability to access secondary airports near final destinations further enhances convenience, making business jets a preferred mode of transport for corporate leaders and private travelers alike. This trend continues to expand the market as both corporate and individual clients recognize the efficiency and comfort advantages of private aviation.

Technological Advancements and Aircraft Innovation

Technological innovation is a key driver supporting the growth of the business jet market. Modern aircraft incorporate advanced avionics, fuel-efficient engines, and enhanced safety systems, improving performance while reducing operational costs. Innovations in cabin design focus on luxury, connectivity, and productivity, allowing passengers to work or relax comfortably during flights. Developments in lightweight materials and aerodynamics enhance range and fuel efficiency, enabling longer non-stop flights and access to more destinations.

Sustainability initiatives, such as the use of hybrid propulsion systems and sustainable aviation fuels, also appeal to environmentally conscious clients and regulatory authorities. Additionally, digital technologies like predictive maintenance, real-time flight monitoring, and AI-assisted navigation optimize operational efficiency and reduce downtime. These technological advancements not only improve passenger experience but also lower total ownership costs, attracting more corporations and private users to invest in business jets, thereby driving market growth.

Growth of Fractional Ownership and Charter Services

The expansion of fractional ownership programs, jet cards, and charter services has significantly contributed to business jet market growth. Fractional ownership allows multiple clients to share the costs of a single aircraft, reducing the financial burden of outright ownership while providing access to the flexibility and convenience of private aviation. Jet card programs and on-demand charter services enable businesses and individuals to book flights without long-term commitments, appealing to a broader audience.

This democratization of private aviation attracts not only high-net-worth individuals but also small and medium-sized enterprises seeking efficient travel solutions. Furthermore, these models support operational efficiency for service providers by maximizing aircraft utilization and reducing idle time. Combined with increasing corporate travel requirements and rising disposable income levels, the accessibility of these services has expanded the market base, making private air travel more practical and affordable, and fueling sustained growth in the business jet industry.

Challenges in the Business Jet Market

High Operational and Maintenance Costs

One of the most significant challenges in the business jet market is the high cost of ownership and operation. Business jets require substantial capital investment for purchase, often running into tens of millions of dollars depending on size and specifications. Beyond acquisition, ongoing expenses such as fuel, maintenance, insurance, crew salaries, hangar fees, and regulatory compliance can be extremely high. Maintenance costs are particularly burdensome, as private jets must undergo regular inspections and parts replacements to meet stringent safety standards.

Additionally, fuel prices fluctuate with global markets, impacting operational budgets. These high costs limit market access primarily to high-net-worth individuals and large corporations, constraining broader adoption. Even fractional ownership and charter programs, designed to reduce upfront costs, still require significant investment and operational oversight. As a result, cost management remains a persistent challenge for both manufacturers and operators, affecting pricing strategies and overall market growth potential.

Regulatory and Environmental Compliance Challenges

Regulatory and environmental compliance presents another major hurdle for the business jet industry. Aircraft manufacturers and operators must adhere to strict aviation regulations set by authorities such as the Federal Aviation Administration (FAA), European Union Aviation Safety Agency (EASA), and local civil aviation bodies. Compliance involves complex certification processes, regular safety audits, and adherence to operational standards, which can delay aircraft delivery and increase costs.

Additionally, growing global environmental concerns have led to tighter emissions standards and noise regulations. Business jets, often criticized for their carbon footprint per passenger, face pressure to adopt sustainable aviation fuels, hybrid propulsion systems, or other eco-friendly technologies. This transition requires significant R&D investment and can increase acquisition and operating costs. Failure to meet regulatory and environmental requirements can lead to fines, operational restrictions, or reputational damage, making compliance a critical yet challenging aspect of sustaining growth in the business jet market.

Recent Developments in Business Jet Market

In October 2025: Beginning with wing-structure assembly in North Carolina, Honda Aircraft Co. began manufacturing its first test unit of the aircraft formerly known as the HondaJet 2600 concept. May 2025: In accordance with its production flight protocol, Bombardier's first production Global 8000 business aircraft successfully conducted its inaugural flight from Toronto Pearson International Airport, testing important systems. Global private jet operator Flexjet and Embraer Executive Jets, a division of Embraer S.A., inked a purchase agreement in February 2025. In addition to an enhanced services and support arrangement, Flexjet will receive a number of Embraer business jet models, such as the Praetor 500, Praetor 600, and Phenom 300E. By 2030, Flexjet's fleet is expected to have grown greatly thanks to this order of 182 aircraft and a possible option for an additional 30 in the future. The Cessna Citation M2 Gen3, CJ3 Gen3, and CJ4 Gen3 are new light business aircraft that Textron Aviation announced in October 2024. The CJ4 Gen3 and the other two variants are anticipated to start production in 2026 and 2027, respectively. These aircraft have the state-of-the-art Garmin Emergency Autoland technology, and the Citation CJ4 Gen3 has the state-of-the-art Garmin G3000 PRIME avionics to give pilots easy control and convenience.

Key Attributes:

Report Attribute Details No. of Pages 200 Forecast Period 2025 - 2034 Estimated Market Value (USD) in 2025 $20.82 Billion Forecasted Market Value (USD) by 2034 $29.15 Billion Compound Annual Growth Rate 3.8% Regions Covered Global

Key Players Analysis: Overview, Key Persons, Recent Development, SWOT Analysis, Financial Insights

Airbus Se Bombardier Inc. Dassault Aviation SA Embraer SA General Dynamics Corp Honda Motor Co Ltd Pilatus Aircraft Ltd Textron Inc.

Market Segmentation

Type

Light Medium Large

Business Model

On-demand Service Ownership

Application

Propulsion System Aero Structure Cabin Interiors Avionics Others

Countries

North America

United States Canada

Europe

France Germany Italy Spain United Kingdom Belgium Netherlands Turkey

Asia Pacific

China Japan India Australia South Korea Thailand Malaysia Indonesia New Zealand

Latin America

Brazil Mexico Argentina

Middle East & Africa

South Africa Saudi Arabia United Arab Emirates

For more information about this report visit https://www.researchandmarkets.com/r/7q4ouc

About ResearchAndMarkets.com
ResearchAndMarkets.com is the world's leading source for international market research reports and market data. We provide you with the latest data on international and regional markets, key industries, the top companies, new products and the latest trends.

Attachment

Business Jet Market

CONTACT: CONTACT: ResearchAndMarkets.com Laura Wood,Senior Press Manager press@researchandmarkets.com For E.S.T Office Hours Call 1-917-300-0470 For U.S./ CAN Toll Free Call 1-800-526-8630 For GMT Office Hours Call +353-1-416-8900

View Comments",https://finance.yahoo.com/sectors/technology/articles/business-jet-industry-forecast-report-115100607.html,"['0IAX.IL', '0KVV.IL', '1AIR.MI', 'AIR.F', 'AIR.MC', 'AIR.PA', 'AIRA.F', 'AIRA.MU', 'AM.PA', 'BBD-A.TO', 'BBD-B.TO', 'BBD-PB.TO', 'BBD-PC.TO', 'BBD-PD.TO', 'BBD.F', 'BBDC.F', 'BDRAF.US', 'BDRBF.US', 'BDRPF.US', 'BDRXF.US', 'BOMBF.US', 'DAU0.F', 'DUAVF.US', 'EADSF.US', 'EADSY.US', 'EMBJ.US', 'EMY.F', 'HCQ.MU', 'HDMA.F', 'HMC.US', 'HNDAF.US', 'HOND34.SA', 'TXT.DU', 'TXT.F', 'TXT.MU', 'TXT.MX', 'TXT.US']","['AVIATION', 'BUSINESS-JETS', 'MARKET RESEARCH REPORTS', 'MARKET-GROWTH', 'SUSTAINABILITY', 'TECHNOLOGICAL-ADVANCEMENTS']",1.0,0.033,0.802,0.164
2026-05-11T10:33:00+00:00,"Motorcycle Airbag Market Analysis Report 2026 Featuring Key Players - Autoliv, Honda, and Alpinestars","Company Logo

The global motorcycle airbag market is expanding rapidly, poised to grow from US$433.55 million in 2024 to US$795.82 million by 2030, driven by increasing road safety concerns and rising motorcycle sales. Integrated into motorcycle designs, these airbags offer critical rider protection in accidents. The market, segmented by components, coating, fabric types, and channels, sees strong OEM demand and innovations in regions like North America and Asia Pacific. Despite challenges like high integration costs, the market benefits from technological advances and rising awareness of motorcycle safety gear. Key players include .

Dublin, May 11, 2026 (GLOBE NEWSWIRE) -- The ""Motorcycle Airbag Market: 2026 Edition"" has been added to  ResearchAndMarkets.com's offering.

The global motorcycle market value stood at US$433.55 million in 2024, and is expected to reach US$795.82 million by 2030. The market is expected to grow at a CAGR of 11.02% over the projected period of 2025-2030.

Manufacturers are increasingly integrate airbag systems into bike designs, enhancing safety features directly within the vehicle structure. The motorcycle airbag market has grown significantly in recent years, driven by increase in number of road accidents.

The competitive landscape of the motorcycle airbag market is marked by a variety of players vying for market share in this rapidly evolving sector. These entities range from established automotive manufacturers to tech giants and specialized component suppliers. Manufacturers are constantly striving to develop airbags that offer enhanced security, and convenience. The ability to offer comprehensive motorcycle airbags that cater to the diverse needs of consumers is crucial in gaining a competitive edge in the market.

The key players are constantly investing in strategic initiatives, such as new product launch, introducing their products to emerging markets and more, to maintain a competitive edge in this market. For instance, In June 2024, Autoliv introduced airbags made with 100% recycled polyester. In collaboration with key supply chain partners, Autoliv has developed yarns, fabrics, and cushions made from 100% recycled polyester for use in airbag production.

Furthermore, surge in demand for advanced safety system, development of self-contained airbag jackets, and rising awareness among customers for protective gears are the other significant factors contributing in the overall growth of the motorcycle airbag market. This surge in travel also results in increased presence of motorcyclists, heightening the importance of prioritizing safety, which in turn, further highlighting the necessity of motorcycle airbags.

Story Continues

North America is the largest region of global motorcycle airbag market, owing to stricter safety regulations in countries like the US. For instance, the National Highway Traffic Safety Administration is promoting the adoption of airbag systems as a safety measure. The rising disposable incomes in North American countries are influencing the demand for premium motorbikes. The presence of technological infrastructure is creating multiple business opportunities through innovations in the airbag system.

The rise of professional bike racing in the region is anticipated to boost the growth in the upcoming years. In 2024, the US remained the largest motorcycle airbags market within the North America. The motorcycle airbags industry in China has been growing strongly over the past few years. The increasing disposable income, rising safety concerns, and a high level of consumer awareness regarding motorcycle safety gear have been key drivers of growth over the period.

Asia Pacific is the fastest growing region of global motorcycle airbag market, driven by rapid urbanization and economic growth in the region. These factors lead to the increasing number of motorcycle users, further drives the demand for enhanced safety features, such as airbags. Moreover, the motorcycle airbag market in the region has gained significant demand due to the growing popularity of bikes like BMW, Honda and many more.

The growing popularity of Japanese brands like Yamaha and Honda is helping to generate more revenue in the region. Additionally, cost-effective manufacturing in the region is attracting several airbag manufacturers that would help the Asia Pacific market in the upcoming years.

Market Segmentation Analysis:By Component:

The report provides the bifurcation of the global motorcycle airbag market into five components namely, Airbag Module, Airbag, Crash Sensor, Airbag ECU, and Inflator.

These airbag modules are considered as a primary unit in the safety systems of motorcycle airbags. The airbag module is a unit containing the lightweight fabric airbag and the inflator, designed to deploy in a crash. The growth of the segment is driven by the critical role of the component in ensuring rider safety, encompassing the essential components such as the airbag and inflator. Technological advancements, increasing regulatory safety standards, and consumer's increased demand for enhanced safety features in motorcycles further propel the adoption and integration of airbag modules, solidifying its leading market share.

By Coating Type:

The report provides the bifurcation of the global motorcycle airbag market into three segments, on the basis of coating type namely, Neoprene-coated, Silicon-coated, and Non-coated. Neoprene-coated segment held the highest share in the market. The market for neoprene-coated airbags is expected to continue growing, driven by increased safety standards and demand for advanced features.

By Fabric Type:

The global motorcycle airbag market can be divided into three segments, on the basis of fabric type, namely, Nylon, Polyester, and Others.

The nylon segment held the highest share in the market. Nylon fabric is mostly used as an airbag fabric due to its closed polymer nature and high material flexibility. According to DENSO Corporation, Nylon 6 is the most used fabric. It is also provisioned as A+ grade by Automotive Manufacturers Association owing to its durability and high-class surface finish giving it an aesthetic look for the bike and riders. Therefore, the nylon motorcycle airbag market is projected to rise significantly in the future.

By Channel:

The global motorcycle airbag market can be divided into two channels, namely, Original Equipment Manufacturers (OEMs) and Aftermarket.

Original Equipment Manufacturers (OEMs) segment held the major share of the global motorcycle airbag market. OEMs refer to the manufacturers that produce various parts and components for new vehicles as original equipment. These systems are installed in vehicles during the manufacturing process and are integral to the vehicle's design.

The OEM segment in the motorcycle airbag market is crucial, driven by the direct integration of airbags into new two-wheelers during the manufacturing process. As the motorcycle industry experiences growth, particularly in emerging markets, there is a concurrent rise in the demand for two-wheelers, thereby propelling the demand for airbags from OEMs.

Market Dynamics

Growth Drivers

Rising Motorcycle Sales Rise in Road Accidents Growing Awareness from Customers for Protective Gears Rising Emphasis on Rider Safety Increasing Safety Regulations

Challenges

High Cost and Complexity of Integration Software Failures Associated with Sensors Weight and Design Constraints

Market Trends

Integration of Artificial Intelligence Increasing Popularity of Adventure Motorcycles Development of self-contained Airbag Jackets Advancements in Technology Integration with Motorcycle Apparel Customization and Personalization of Airbag Systems

Competitive Landscape:

Autoliv, Inc. Honda Motor Co., Ltd. Airvest Alpinestars BERING Clover IT Srl Dainese SpA MOTOAIRBAG (D.P.I. Safety) Furygan GIMOTO SRL Klim RST Limited Ixon.com

For more information about this report visit https://www.researchandmarkets.com/r/w3a0ki

About ResearchAndMarkets.com
ResearchAndMarkets.com is the world's leading source for international market research reports and market data. We provide you with the latest data on international and regional markets, key industries, the top companies, new products and the latest trends.

CONTACT: CONTACT: ResearchAndMarkets.com Laura Wood,Senior Press Manager press@researchandmarkets.com For E.S.T Office Hours Call 1-917-300-0470 For U.S./ CAN Toll Free Call 1-800-526-8630 For GMT Office Hours Call +353-1-416-8900

View Comments",https://finance.yahoo.com/sectors/technology/articles/motorcycle-airbag-market-analysis-report-103300218.html,"['ALV.US', 'HDMA.F', 'HMC.US', 'HNDAF.US', 'HOND34.SA', 'LIV.DU', 'LIV.F', 'LIVA.F']","['ASIA-PACIFIC', 'MARKET RESEARCH REPORTS', 'MARKET-GROWTH', 'MOTORCYCLE-AIRBAGS', 'OEM', 'SAFETY-FEATURES']",0.999,0.028,0.817,0.155
2026-05-11T10:30:00+00:00,"Earnings live updates: Plug Power, Hims &amp; Hers set to kick off week of quarterly updates","The pace of first quarter earnings reports eases this week as economic data takes center stage, but investors will still be on the lookout for results from a handful of big corporations.

So far this earnings season, S&P 500 companies have impressed market watchers by printing profits, even amid ongoing risks from the Iran war, and the index is on track for double-digit earnings growth. Reports from semiconductor companies last week underscored that the artificial intelligence boom remains a key market driver.

Kicking off quarterly results this week will be Constellation Energy Corporation (CEG), Barrick Mining Corporation (B), Hims & Hers Health (HIMS), and Plug Power (PLUG). Also headlining this week are Oklo (OKLO), On Holding AG (ONON), Cisco Systems (CSCO), Alibaba Group (BABA), Applied Materials (AMAT), and Figma (FIG).

LIVE1 update

33 mins ago

Grace O'Donnell

Earnings to watch this week: Oklo, Cisco Systems, Applied Materials, and more

As Yahoo Finance’s Jake Conley and Myles Udland note, the calendar swings back this week from a busy earnings season to key releases of inflation data, as April's Consumer Price Index headlines the week on Tuesday.

But we’ll still have a steady trickle of news from medium-size businesses from all corners of the economy. Here’s a look at the earnings calendar for this week:

Monday: Constellation Energy Corporation (CEG), Barrick Mining Corporation (B), Simon Property Group (SPG), Circle Internet Group (CRCL), Fox Corporation (FOX), AST SpaceMobile (ASTS), Ovinitiv (OVV), Rigetti Computing (RGTI), Hims & Hers Health (HIMS), Plug Power (PLUG), monday.com (MNDY)

Tuesday: Venture Global (VG), Nextpower (NXT), Tencent Music Entertainment Group (TME), Oklo (OKLO), Aramark (ARMK), On Holding AG (ONON)

Wednesday: Cisco Systems (CSCO), Alibaba Group (BABA), Sumitomo Mitsui Financial Group (8316.T), Manulife Financial (MFC), Takeda Pharmaceutical (TAK), Nebius Group (NBIS), Tower Semiconductor (TSEM), Korea Electric Power Corporation (KEP), Dynatrace (DT), Birkenstock (BIRK), USA Rare Earth (USAR)

Thursday: Applied Materials (AMAT), Brookfield Corporation (BN), National Grid (NGG), Nu Holdings (NU), Viking Holdings (VIK), Honda Motor Co. (HMC), Li Auto (LI), Figma (FIG), Forgent Power Solutions (FPS), Dillard’s (DDS), Legence Corp. (LGN), Versant Media Group (VSNT), Klarna Group (KLAR)

Friday: Mizuho Financial Group (MFG), RBC Bearings (RBC), Sigma Lithium Corporation (SGML)

Read more here about what to watch in the week ahead.

View Comments",https://finance.yahoo.com/markets/live/earnings-live-updates-plug-power-hims--hers-set-to-kick-off-week-of-quarterly-updates-103000722.html,"['AMAT.US', 'AP2.F', 'ARMK.US', 'ASTS.US', 'B.US', 'BABA.US', 'BABAF.US', 'BIRK.US', 'CEG.US', 'CSCO.US', 'DDS.US', 'FIG.US', 'FOX.US', 'FPS.US', 'GSPC.INDX', 'HIMS.US', 'HMC.US', 'KEP.US', 'KLAR.US', 'LGN.US', 'MFC.US', 'MFG.US', 'MNDY.US', 'NGG.US', 'OKLO.US', 'ONON.US', 'OVV.US', 'PLUG.US', 'RBC.US', 'SGML.US', 'SPG.US', 'TAK.US', 'TME.US', 'TSEM.US', 'USAR.US', 'VIK.US', 'VSNT.US']","['ARTIFICIAL-INTELLIGENCE', 'CONSUMER-PRICE-INDEX', 'EARNINGS', 'EARNINGS GROWTH', 'INFLATION', 'QUARTERLY RESULTS', 'SEMICONDUCTORS']",0.972,0.02,0.898,0.081
2026-05-11T09:25:52+00:00,Honda set for first operating loss amid EV overhaul – report,"Honda Motor is set to report an operating loss of about Y400bn ($2.55bn) for the fiscal year ended March 2026, marking the company’s first operating loss since its public listing in 1957, Nikkei Asia reported.

The projected result represents a significant decline from the Y1.2tn operating profit recorded in the previous financial year.

Honda’s expected performance remains within the range outlined in March, when the company projected an operating loss of between Y270bn and Y570bn for the fiscal year.

The setback follows Honda’s decision earlier this year to revise its electrification plans and cancel three planned electric vehicle models – the Honda 0 SUV, Honda 0 sedan and Acura RSX – citing weaker-than-expected EV demand in North America.

The company estimated that expenses and losses linked to the restructuring could total as much as Y2.5tn over the two financial years from April 2025 to March 2027.

These costs include impairment charges tied to halted EV development and production programmes, along with compensation payments to suppliers.

Despite the anticipated loss, Honda aims to return to operating profitability in the financial year ending March 2027.

The company expects support from continued motorcycle sales growth, particularly in Asian markets, as well as favourable currency conditions stemming from a weaker yen.

Honda is due to announce its full-year earnings and management strategy on 14 May.

The company is expected to detail recovery measures for its North American and Chinese operations, alongside expansion plans for its business in India.

The loss would rank among the largest reported by a major Japanese carmaker, following Toyota’s Y461bn operating loss during the 2008–09 global financial crisis, although comparisons are affected by differing accounting standards.

Last month, Honda also confirmed plans to exit South Korea’s passenger vehicle market this year following a sharp decline in sales.

The company said it would stop selling passenger vehicles in the country by the end of the year while maintaining motorcycle operations.

Honda’s wholly owned distributor in Seoul was established in 2001 as Honda Motorcycle Korea Company before changing its name to Honda Korea Company in 2004 after entering the passenger vehicle market.

""Honda set for first operating loss amid EV overhaul – report"" was originally created and published by Just Auto, a GlobalData owned brand.

The information on this site has been included in good faith for general informational purposes only. It is not intended to amount to advice on which you should rely, and we give no representation, warranty or guarantee, whether express or implied as to its accuracy or completeness. You must obtain professional or specialist advice before taking, or refraining from, any action on the basis of the content on our site.

View Comments",https://finance.yahoo.com/markets/stocks/articles/honda-set-first-operating-loss-092552426.html,['HMC.US'],"['ASIA-MARKETS', 'AUTOMOTIVE', 'EARNINGS', 'EV', 'RESTRUCTURING']",-0.833,0.074,0.872,0.054
2026-05-08T05:27:46+00:00,Japan's Sony reports declining profit but expects a record for this year,"TOKYO (AP) — Japanese electronics and entertainment giant Sony Group Corp. reported a 3.4% drop in its annual profit but projected Friday a comeback to record profits for the current fiscal year.

Tokyo-based Sony’s net profit for the year through March totaled 1.03 trillion yen ($6.6 billion), down from 1.07 trillion yen in the previous fiscal year.

Invest in Gold

Thor Metals Group: Best Overall Gold IRA  Learn More

Priority Gold: Up to $15k in Free Silver + Zero Account Fees on Qualifying Purchase  Learn More

American Hartford Gold: #1 Precious Metals Dealer in the Nation  Learn More

Powered by Money.com - Yahoo may earn commission from the links above.

Ending a plan to release an electric vehicle with Japanese automaker Honda Motor Co. hurt its earnings. Rising costs of computer chips also bit into profit and remain a concern, according to Sony, which has film, music and video-game operations.

Sony is forecasting a 1.16 trillion yen ($7.4 billion) profit for this fiscal year, which would be a record for the company and a 13% jump from the year that just ended.

Annual sales at Sony for the fiscal year that just ended rose 3.7% from the previous year to nearly 12.5 trillion yen ($8 billion), boosted by hit films such as the latest in the “ Demon Slayer” series and “Kokuho,” and by healthy demand for games and network services.

On a quarterly basis, profit at Sony, which is behind the Bravia and PlayStation brands and the “Spider-Man” movies, fell 63% to 83 billion yen ($529 million) from 224 billion yen in the same period a year earlier.

Quarterly sales edged up 8% to 3 trillion yen ($19 billion), said the company, whose musical artists include Bad Bunny and Sza.

Sony is counting on healthy sales from its upcoming films, such as “Spider-Man: Brand New Day” and “Jumanji: Open World,” to boost its bottom line for the current fiscal year.

Also Friday, Sony said it would spend up to 500 billion yen ($3.2 billion) to buy back ⁠up to 230 million shares.

Sony stock, which has been trading at about 3,000 yen ($19) lately, gained 1% on Friday.

___

Yuri Kageyama is on Threads: https://www.threads.com/@yurikageyama

View Comments",https://finance.yahoo.com/markets/stocks/articles/japans-sony-reports-declining-profit-052746110.html,"['HDMA.F', 'HMC.US', 'HNDAF.US', 'HOND34.SA', 'SNEC34.SA', 'SNEJF.US', 'SON1.DU', 'SON1.F', 'SON1.HA', 'SON1.HM', 'SON1.MU', 'SONA.F', 'SONY.US']","['EARNINGS', 'FILM', 'SHARE-BUYBACK', 'VIDEO-GAMES']",0.994,0.031,0.825,0.144
2026-05-07T23:17:16+00:00,Is Honda Motor (TSE:7267) Pricing Reflect Its Mixed Returns And Conflicting Valuation Signals,"Make better investment decisions with Simply Wall St's easy, visual tools that give you a competitive edge.

If you are wondering whether Honda Motor's current share price reflects its true worth, this breakdown will help you frame that question clearly before looking at the numbers. The stock closed at ¥1,259.5 with returns of 0.6% over 30 days, a 19.2% decline year to date and an 8.4% decline over 1 year, while still showing 20.2% and 40.1% gains over 3 and 5 years. Recent coverage around Honda often centers on its position as a global automaker, including its exposure to shifting consumer preferences and industry wide discussions on vehicle technology and competition. This backdrop helps explain why the stock has seen mixed shorter term returns even with positive multi year figures. Honda currently holds a value score of 4/6. This raises an important question about how different valuation methods judge the stock today and whether there is an even richer way to think about valuation that will be covered at the end of this article.

Find out why Honda Motor's -8.4% return over the last year is lagging behind its peers.

Approach 1: Honda Motor Discounted Cash Flow (DCF) Analysis

A Discounted Cash Flow, or DCF, model estimates what a stock could be worth today by projecting future cash flows and discounting them back to the present using a required rate of return.

For Honda Motor, the model uses a 2 Stage Free Cash Flow to Equity approach. The latest twelve month free cash flow stands at about ¥78,950 million. Analysts provide detailed projections for the next several years, and beyond that point cash flows are extrapolated. Within these projections, expected free cash flow for the year ending 2030 is ¥704,441.825 million, or about ¥704.4 billion, with intermediate years including both positive and negative values based on analyst estimates and later modelled extensions.

Bringing all those future cash flows back to today results in an estimated intrinsic value of ¥1,115.76 per share. Compared with the recent share price of ¥1,259.5, the model implies the stock is about 12.9% overvalued on this DCF view.

Result: OVERVALUED

Our Discounted Cash Flow (DCF) analysis suggests Honda Motor may be overvalued by 12.9%. Discover 15 high quality undervalued stocks or create your own screener to find better value opportunities.7267 Discounted Cash Flow as at May 2026

Head to the Valuation section of our Company Report for more details on how we arrive at this Fair Value for Honda Motor.

Approach 2: Honda Motor Price vs Earnings

For a profitable company like Honda Motor, the P/E ratio is a useful shorthand for how much investors are paying for each unit of current earnings. It ties the share price directly to the company’s ability to generate profits, which is usually the core driver of long term value.

Story Continues

What counts as a “normal” P/E partly reflects how the market views a company’s growth potential and risk. Higher expected growth or lower perceived risk can justify a higher P/E, while slower growth or higher risk often lines up with a lower P/E.

Honda Motor currently trades on a P/E of 9.88x. This sits below the Auto industry average of about 18.00x and also below the broader peer group average of 26.71x. Simply Wall St’s “Fair Ratio” estimate for Honda Motor is 34.06x. This is a proprietary view of what the P/E could be given factors such as the company’s earnings profile, its industry, profit margin, market cap and risk characteristics.

The Fair Ratio is more tailored than a simple comparison with peers or the industry, because it folds these company specific factors into a single number. Set against this 34.06x Fair Ratio, the current 9.88x P/E suggests Honda Motor screens as materially undervalued on this measure.

Result: UNDERVALUEDTSE:7267 P/E Ratio as at May 2026

P/E ratios tell one story, but what if the real opportunity lies elsewhere? Start investing in legacies, not executives. Discover our 13 top founder-led companies.

Upgrade Your Decision Making: Choose your Honda Motor Narrative

Earlier it was mentioned that there is an even better way to understand valuation. Narratives on Simply Wall St let you turn your view of Honda Motor into a clear story that links the business outlook to a forecast and then to a Fair Value. For example, one investor might lean toward the more cautious ¥1,100 Fair Value that assumes modest revenue growth, a 3.3% profit margin in 3 years and a future P/E of 6.5x. Another might align with the ¥1,950 view that uses faster 4.8% revenue growth, a 4.2% margin and an 8.1x P/E. As new earnings, guidance or news arrive, the Narrative and its Fair Value update so you can compare them with the current share price and decide whether the stock looks closer to your buy, hold, or sell zone, all within the Community page used by millions of investors.

For Honda Motor, however, we will make it really easy for you with previews of two leading Honda Motor Narratives:

These sit on opposite sides of the fair value range, so together they frame what “optimistic” and “cautious” could reasonably look like based on current analyst assumptions.

🐂 Honda Motor Bull Case

Fair Value: ¥1,950.

Implied undervaluation vs last close: about 35.4%.

Revenue growth assumption: 4.82%.

Focuses on Honda using its motorcycle leadership and cost structure to support higher segment profits and stronger group margins over time. Assumes hybrid models scale quickly on the back of cost reductions and demand in key markets, lifting earnings and return on capital. Prices in higher future earnings and a Fair Value at the upper end of analyst targets, while still using an 8.1x P/E that is below current US Auto sector levels cited in the narrative.

🐻 Honda Motor Bear Case

Fair Value: ¥1,100.

Implied overvaluation vs last close: about 14.5%.

Revenue growth assumption: 1.37%.

Highlights risks from delayed battery EV investment, tariff sensitivity and intense competition, especially from lower cost EV producers. Assumes only modest revenue growth and thinner valuation multiples as the market applies a 6.5x P/E to 2029 earnings in this scenario. Still recognises strengths in motorcycles, hybrids, cash generation and shareholder returns, but treats these as not fully offsetting the pressure on the future earnings multiple.

Together these Narratives bracket a wide but clearly laid out range of fair values for Honda Motor, from ¥1,100 on the bearish side to ¥1,950 on the bullish side. They also provide concrete earnings, margin and P/E assumptions you can compare with your own view of the stock.

To see how these results tie into long-term growth, risks, and valuation, check out the full range of community narratives for Honda Motor on Simply Wall St. Add the company to your watchlist or portfolio so you'll be alerted when the story evolves.

Do you think there's more to the story for Honda Motor? Head over to our Community to see what others are saying!TSE:7267 1-Year Stock Price Chart

This article by Simply Wall St is general in nature. We provide commentary based on historical data and analyst forecasts only using an unbiased methodology and our articles are not intended to be financial advice. It does not constitute a recommendation to buy or sell any stock, and does not take account of your objectives, or your financial situation. We aim to bring you long-term focused analysis driven by fundamental data. Note that our analysis may not factor in the latest price-sensitive company announcements or qualitative material. Simply Wall St has no position in any stocks mentioned.

Companies discussed in this article include 7267.T.

Have feedback on this article? Concerned about the content? Get in touch with us directly. Alternatively, email editorial-team@simplywallst.com

View Comments",https://finance.yahoo.com/markets/stocks/articles/honda-motor-tse-7267-pricing-231716141.html,"['7267.US', 'HDMA.F', 'HMC.US', 'HNDAF.US', 'HOND34.SA']","['AUTOMOTIVE', 'DCF-ANALYSIS', 'FREE CASH FLOW', 'FUTURE CASH FLOWS', 'INTRINSIC VALUE', 'P-E-RATIO', 'REVENUE GROWTH', 'SHARE PRICE', 'SHAREHOLDER', 'VALUATION']",0.999,0.028,0.831,0.141
2026-05-07T15:10:00+00:00,"Tim Lamb Group Brokers the Sale of  Honda Cars at Street Track n' Trail in Conneaut Lake, Pennsylvania","Columbus, OH, May 07, 2026 (GLOBE NEWSWIRE) -- Blair Sharpe, Director at the Tim Lamb Group, the largest auto dealership sales and acquisitions firm in North America, represented sellers, Dick Lepley and Joanne Lepley, in the successful sale of Street Track n' Trail, a long-established Honda automotive and powersports dealership in Conneaut Lake, Pennsylvania.

The powersports division at Street Track n' Trail is one of the few locations in the United States to offer Harley-Davidson, Kawasaki, Yamaha, Royal Enfield, Suzuki, Polaris, and Honda Powersports all under one roof.

The dealership, located at 13723 Conneaut Lake Rd., in Conneaut Lake, PA, was sold to Brett Dias and Sal Cerra of Stt Power Sports, Inc. on April 8, 2026. The business has been renamed Lake Way Motors, Lake Way Powersports, and Lake Way Harley-Davidson.

For more than 50 years, Street Track n' Trail has served as a premier destination for both automotive customers and powersports enthusiasts throughout Pennsylvania, Ohio, and the surrounding region. The 13-acre property features a nearly 30,000 square-foot facility with a large, weather-protected showroom capable of displaying more than 150 powersports units simultaneously, along with a full-service center consisting of 16 bays dedicated for both automotive and powersports service and repairs.

The properly also includes a unique ""festival grounds"" with an amphitheater that has hosted a wide variety of community events, including veterans' gatherings, charity fundraisers, camping events, adventure ride clinics, and powersports product demonstrations.

Dick and Joanne Lepley, who owned and operated Street Track n' Trail for over five decades, decided to sell as part of their retirement plans. They expressed strong confidence in the new owners' ability to continue the dealership's legacy of excellent customer service and passion for motorsports.

""We are proud of what we've built over the last 50 years and are excited to see Brett and Sal carry on that tradition,"" stated Dick Lepley. ""Their deep passion for the automotive and the powersports industry makes them the ideal buyers to take the business forward.""

The Lepleys added, ""Working with Blair Sharpe made all the difference. His professionalism, industry expertise, and dedication to finding the right buyer gave us complete confidence throughout the entire process.""

Brett Dias and Sal Cerra were drawn to the dealership's excellent reputation, its diverse product portfolio – which includes Honda Cars as well as a strong powersports lineup featuring Harley-Davidson, Honda, Kawasaki, Yamaha, Polaris, Suzuki, and Royal Enfield, and its prime location near Erie, Pittsburgh, and Cleveland.

Story Continues

The new owners plan to retain all current employees and maintain the dealership's strong commitment to community engagement. They also anticipate significant future growth, including the development of a new Honda Generation 3 (G3) showroom and further expansion of the powersports operations on the property.

For more information on Tim Lamb Group visit, https://timlambgroup.com/.

About Tim Lamb Group
Since 2006, Tim Lamb Group has been the number one choice for dealers looking to sell, or purchase, a new vehicle dealership. Fifteen regional directors handle billions of dollars per year in transactions for multiple dealer operators in every part of the United States and Canada. The Group has leveraged their OEM management experience and retail dealership background to become the largest auto dealership sales and acquisitions firm in North America. For more information and dealerships for sale, visit www.timlambgroup.com

CONTACT: Dawn Kelley Expand Marketing Group 734-765-1429 DawnK@ExpandMarketingGroup.com Katrina Luts Expand Marketing Group 586-747-7418 KatrinaL@ExpandMarketingGroup.com

View Comments",https://finance.yahoo.com/markets/stocks/articles/tim-lamb-group-brokers-sale-151000882.html,"['7269.TSE', 'HAR.DU', 'HAR.F', 'HDMA.F', 'HMC.US', 'HNDAF.US', 'HOG.US', 'HOND34.SA', 'SUK.DU', 'SUK.F', 'SZKMF.US', 'SZKMY.US']",[],0.997,0.016,0.846,0.138
2026-05-07T09:00:38+00:00,"Toyota, Honda report weaker US sales in April, YTD","Toyota and Honda, the two best-selling Japanese auto brands in the US, reported weaker sales in the US market in April, in line with overall sluggish market conditions in the country amid rising fuel prices and weakening consumer confidence. In the first four months of the year, the two automakers also reported weaker sales.

Toyota reported a 4.6% decline in US sales to 222,378 vehicles in April, compared with 233,045 units a year earlier, including sales under its upmarket Lexus brand, resulting in a 1.4% decline to 791,798 units in the first four months of the year from 803,314 units in the same period last year. The decline last month was attributed to the new model changeover for the RAV4, with sales in May expected to rebound after production of the new model is ramped up, and also due to weak sales at the company’s upmarket Lexus division.

Honda reported a slight decline in US sales to 137,405 units in April, from 137,656 units in the same month a year earlier. In the first four months of the year, the company’s US sales declined by 3.1% to 474,236 units, from 489,233 a year earlier, with “truck” sales – comprising mainly SUVs, MPVs, and pickup trucks - declining by almost 8% to 327,569 units, while sedan sales increased by 10% to 146,667 units.

Sales under the Honda brand fell by 3.2% to 430,049 units in the four-month period, while sales under the Acura brand fell by 1.3% to 44,187 units. The CR-V SUV was by far the company’s best-selling model with 142,114 deliveries year-to-date, followed by the Civic sedan with 82,640 units and the Accord sedan with 53,388 units.

""Toyota, Honda report weaker US sales in April, YTD"" was originally created and published by Just Auto, a GlobalData owned brand.

The information on this site has been included in good faith for general informational purposes only. It is not intended to amount to advice on which you should rely, and we give no representation, warranty or guarantee, whether express or implied as to its accuracy or completeness. You must obtain professional or specialist advice before taking, or refraining from, any action on the basis of the content on our site.

View Comments",https://finance.yahoo.com/markets/stocks/articles/toyota-honda-report-weaker-us-090038539.html,"['HMC.US', 'TM.US']","['AUTO-SALES', 'CONSUMER-CONFIDENCE', 'JAPANESE-AUTOMAKERS', 'US-MARKET']",-0.572,0.049,0.912,0.039
2026-05-06T12:00:00+00:00,Gee Automotive Companies Completes Acquisition of 15 Dealerships from Jim Click Automotive Team and Tuttle-Click Automotive Group,"SPOKANE, Wash., May 6, 2026 /PRNewswire/ -- Gee Automotive Companies (""Gee"") today announced the completion of its acquisition of 15 dealerships from the Jim Click Automotive Team and Tuttle-Click Automotive Group, effective April 28, 2026. The transaction includes nine dealerships in Southern Arizona operated as the Jim Click Automotive Team and six dealerships in Southern California operated as the Tuttle-Click Automotive Group.Gee Automotive Companies Logo (PRNewsfoto/Gee Automotive Companies)

All acquired dealerships will continue to operate under their existing names, brands, and locations, ensuring continuity for customers, employees, and manufacturer partners.

This acquisition expands Gee's presence in the Tucson, Arizona market to 10 rooftops, representing the Ford, Lincoln, Subaru, Hyundai, Chrysler, Dodge, Jeep, Ram (CDJR), Mazda, and Nissan brands. In Southern California, Gee's footprint has grown to seven rooftops, representing the Ford, Lincoln, Honda, Hyundai, CDJR, and Mazda brands.

""Since acquiring Tucson Subaru in 2022 and Honda World in Westminster, CA in 2024, we have been looking for opportunities to expand in both the Tucson and Orange County markets."" said Jeff Jackson. ""The opportunity to purchase the Jim Click Automotive Team and Tuttle-Click Automotive Group in one transaction led to immediate scale and brand diversity in two key markets Gee has targeted for expansion.""

""The opportunity to grow our presence in both Southern Arizona and Southern California in one transaction under two brand names with incredible legacies in the communities they serve is an opportunity that does not hit the market often. We're honored to continue their legacies, with our core principle of 'families serving families,' and we consider it a true privilege to do this,"" said Ryan Gee

Founded in 1983 by George Gee as a single Pontiac dealership in Spokane, Washington, Gee Automotive Companies has grown significantly under the leadership of CEO Ryan Gee and President Jeff Jackson. With this acquisition, the company now operates 75 franchises across 57 rooftops in five states: Washington, Oregon, Idaho, California, and Arizona.

Media Contact:
Bob Williams
Director of Marketing and eCommerce
Gee Automotive Companies
925-724-7529
Bob.williams@geeautomotive.comCision

View original content to download multimedia:https://www.prnewswire.com/news-releases/gee-automotive-companies-completes-acquisition-of-15-dealerships-from-jim-click-automotive-team-and-tuttle-click-automotive-group-302763648.html

View Comments",https://finance.yahoo.com/markets/stocks/articles/gee-automotive-companies-completes-acquisition-120000298.html,"['005380.KS', '005385.KS', '005387.KS', '005389.KS', '7201.TSE', '7261.TSE', '7270.TSE', 'FUH.DU', 'FUH.F', 'FUH0.F', 'FUJHF.US', 'FUJHY.US', 'HDMA.F', 'HMC.US', 'HNDAF.US', 'HOND34.SA', 'MZA.DU', 'MZA.F', 'MZA0.F', 'MZDAF.US', 'MZDAY.US', 'NISA.DU', 'NISA.F', 'NISA.MU', 'NISE.F', 'NSANF.US', 'NSANY.US']","['AUTOMOTIVE', 'DEALERSHIPS', 'M-A']",0.981,0.0,0.913,0.087
2026-05-06T08:40:47+00:00,Honda scraps plan to build BEV plant in Canada,"Honda Motor has “postponed indefinitely” its plans to build a CAD 15 billion (US$ 11 billion) battery electric vehicle (BEV) plant in Canada, in response to weakening demand in the US following the Trump administration’s withdrawal of BEV purchase incentives worth up to US$ 7,500 per vehicle last year.

According to a report by Japan’s Nikkei news agency, Honda has now postponed indefinitely plans to build an integrated BEV and battery assembly facility in the Canadian state of Ontario, choosing instead to focus more on the fast-expanding hybrid-electric vehicle (HEV) segment.

The Japanese automaker had previously announced it was postponing construction of the planned 240,000 unit/year plant by two years, until 2028. Last month, the company’s battery materials supplier, Asahi Kasei, said it was delaying the planned start of production at a new facility in Ontario until 2029 or later, in response to Honda’s earlier announcement.

Earlier this year, Honda also announced it was scrapping plans to produce three BEV models at its plant in the US state of Ohio, having previously cancelled plans to develop affordable BEVs for the North American market in partnership with General Motors (GM).

Honda said it would book a one-off charge of JPY 2.5 trillion (US$ 15.6 billion) in the current fiscal year (FY2026) in relation to the overhaul of its global BEV strategy, while also scaling back its planned investments in electrification R&D and related software.

""Honda scraps plan to build BEV plant in Canada"" was originally created and published by Just Auto, a GlobalData owned brand.

The information on this site has been included in good faith for general informational purposes only. It is not intended to amount to advice on which you should rely, and we give no representation, warranty or guarantee, whether express or implied as to its accuracy or completeness. You must obtain professional or specialist advice before taking, or refraining from, any action on the basis of the content on our site.

View Comments",https://finance.yahoo.com/sectors/technology/articles/honda-scraps-plan-build-bev-084047632.html,"['3407.TSE', 'HMC.US']","['AUTOMOTIVE', 'ELECTRIC-VEHICLES', 'RESTRUCTURING']",0.572,0.034,0.921,0.045
